<?xml version="1.0" encoding="UTF-8"?>
<!DOCTYPE mapper PUBLIC "-//mybatis.org//DTD Mapper 3.0//EN" "http://mybatis.org/dtd/mybatis-3-mapper.dtd">
<mapper namespace="com.lenovo.m2.couponV2.dao.mybatis.reportmapper.CouponReportMapper">
    <resultMap id="BaseResultMap" type="com.lenovo.m2.couponV2.dao.mybatis.model.CouponReport">
        <id column="ID" jdbcType="BIGINT" property="id"/>
        <result column="LenovoID" jdbcType="VARCHAR" property="lenovoid"/>
        <result column="MemberCode" jdbcType="VARCHAR" property="membercode"/>
        <result column="SalesCouponID" jdbcType="BIGINT" property="salescouponid"/>
        <result column="Name" jdbcType="VARCHAR" property="name"/>
        <result column="Amount" jdbcType="DECIMAL" property="amount"/>
        <result column="CurrencyCode" jdbcType="VARCHAR" property="currencyCode"/>
        <result column="Status" jdbcType="INTEGER" property="status"/>
        <result column="UseTime" jdbcType="TIMESTAMP" property="usetime"/>
        <result column="OrderId" jdbcType="VARCHAR" property="orderId"/>
    </resultMap>
    <select id="getMemberCouponByCondition" parameterType="map" resultMap="BaseResultMap">
        SELECT
            m.ID,
            m.LenovoID,
            m.MemberCode,
            m.SalesCouponID,
            m.Name,
            m.Amount,
            m.CurrencyCode,
            m.Status,
            m.UseTime
        FROM
            membercouponrels m
        WHERE
            m.SalesCouponID = #{param2.salesCouponId}
        <if test="param2.status != null and param2.status != ''">
            AND m.Status = #{param2.status}
        </if>
        <if test="param2.useFromTime != null and param2.useFromTime != ''">
            AND DATE_FORMAT(m.UseTime,'%Y-%m-%d') &gt;= #{param2.useFromTime}
        </if>
        <if test="param2.useEndTime != null and param2.useEndTime != ''">
            AND DATE_FORMAT(m.UseTime,'%Y-%m-%d') &lt;= #{param2.useEndTime}
        </if>
    </select>
    <select id="exportMemberCouponByCouponID" parameterType="map" resultMap="BaseResultMap" >
        SELECT
            m.ID,
            m.LenovoID,
            m.MemberCode,
            m.SalesCouponID,
            m.Name,
            m.Amount,
            m.CurrencyCode,
            m.Status,
            m.UseTime,
            ml.OrderID
        FROM
            membercouponrels m,
            membercouponrelslog ml
        WHERE
            m.ID=ml.MembercouponrelsID
        AND m.SalesCouponID = #{param2.salesCouponId}

        <if test="param2.status != null and param2.status != ''">
            AND m.Status = #{param2.status}
        </if>
        <if test="param2.useFromTime != null and param2.useFromTime != ''">
            AND DATE_FORMAT(m.UseTime,'%Y-%m-%d') &gt;= #{param2.useFromTime}
        </if>
        <if test="param2.useEndTime != null and param2.useEndTime != ''">
            AND DATE_FORMAT(m.UseTime,'%Y-%m-%d') &lt;= #{param2.useEndTime}
        </if>
        AND m.UseTime=ml.CreateTime
        AND ml.OrderID IS NOT NULL
    </select>
    <select id="exportMemberCouponOrderIdByMemberCoupon"  resultMap="BaseResultMap" parameterType="java.util.List">
        SELECT ml.OrderID as orderId,ml.MembercouponrelsID as id
        FROM
        membercouponrelslog ml
        WHERE
        ml.MembercouponrelsID in
        <foreach open="("  collection="list" index="index" item="item"  separator="," close=")">
            #{item.id}
        </foreach>
        AND ml.OrderID IS NOT NULL
    </select>
     <select id="countCouponByCondition" parameterType="map" resultType="java.lang.Integer">
	    select count(1)
	    from coupons where SalesCouponID=#{salesCouponID}
 	 </select>
 	 
 	 <resultMap id="codeResultMap" type="com.lenovo.m2.couponV2.dao.mybatis.model.Coupons">
	    <id column="ID" jdbcType="BIGINT" property="id" />
	    <result column="BatchNo" jdbcType="VARCHAR" property="batchno" />
	    <result column="Name" jdbcType="VARCHAR" property="name" />
	    <result column="SalesCouponID" jdbcType="BIGINT" property="salescouponid" />
	    <result column="Type" jdbcType="INTEGER" property="type" />
	    <result column="Macode" jdbcType="VARCHAR" property="macode" />
	    <result column="ShopId" jdbcType="VARCHAR" property="shopid" />
	    <result column="Terminal" jdbcType="VARCHAR" property="terminal" />
	    <result column="StartTime" jdbcType="TIMESTAMP" property="starttime" />
	    <result column="EndTime" jdbcType="TIMESTAMP" property="endtime" />
	    <result column="Amount" jdbcType="DECIMAL" property="amount" />
	    <result column="CurrencyCode" jdbcType="VARCHAR" property="currencyCode" />
	    <result column="TotalNumber" jdbcType="INTEGER" property="totalnumber" />
	    <result column="SurplusNumber" jdbcType="INTEGER" property="surplusnumber" />
	    <result column="OccupyNumber" jdbcType="INTEGER" property="occupynumber" />
	    <result column="Status" jdbcType="INTEGER" property="status" />
	    <result column="CreateTime" jdbcType="TIMESTAMP" property="createtime" />
	    <result column="CreateBy" jdbcType="VARCHAR" property="createby" />
	    <result column="UpdateTime" jdbcType="TIMESTAMP" property="updatetime" />
	    <result column="UpdateBy" jdbcType="VARCHAR" property="updateby" />
	    <result column="GroupCode" jdbcType="VARCHAR" property="groupcode" />
  	</resultMap>
  
 	 <select id="getCouponListPageByCondition" parameterType="map" resultMap="codeResultMap">
	    select
	     ID, BatchNo, Name, SalesCouponID, Type, Macode, ShopId, Terminal, StartTime, EndTime, 
    	Amount, CurrencyCode, TotalNumber, SurplusNumber, OccupyNumber, Status, CreateTime, CreateBy, UpdateTime,
    	UpdateBy, GroupCode
	    from coupons where 1 
	    <if test="salesCouponID != null">
      	and SalesCouponID=#{salesCouponID}
    	</if>
   		 limit #{limitStart},#{limitEnd}
 	 </select>
 	 
  

</mapper>