<?xml version="1.0" encoding="UTF-8"?>
<!DOCTYPE mapper PUBLIC "-//mybatis.org//DTD Mapper 3.0//EN" "http://mybatis.org/dtd/mybatis-3-mapper.dtd">
<mapper namespace="com.lenovo.m2.couponV2.dao.mybatis.mapper.AvailableSalescouponsMapper">
    <resultMap id="BaseResultMap" type="com.lenovo.m2.couponV2.dao.mybatis.model.AvailableSalescoupons">
        <id column="ID" jdbcType="BIGINT" property="id" />
        <result column="SalesCouponsID" jdbcType="BIGINT" property="salesCouponsID" />
        <result column="CreateTime" jdbcType="TIMESTAMP" property="createTime" />
        <result column="CreateBy" jdbcType="VARCHAR" property="createBy" />
        <result column="DisplayPosition" jdbcType="VARCHAR" property="displayPosition" />
    </resultMap>
    <select id="getAllAvailableSalescoupons" resultMap="BaseResultMap">
        SELECT
            ID,SalesCouponsID,CreateTime,CreateBy,DisplayPosition
        FROM
            availablesalescoupons
    </select>
    <select id="getAvailableSalescouponsByCouponId" parameterType="java.lang.Long" resultType="com.lenovo.m2.couponV2.dao.mybatis.model.AvailableSalescoupons">
        SELECT
            ID,SalesCouponsID,CreateTime,CreateBy,DisplayPosition
        FROM
            availablesalescoupons
        WHERE
            SalesCouponsID = #{salesCouponsId}
    </select>
    <insert id="saveAvailableSalescoupons" parameterType="java.util.List">
        INSERT INTO
            availablesalescoupons (ID, SalesCouponsID, CreateTime, CreateBy,DisplayPosition)
        VALUES
        <foreach collection="list" item="item" index="index" separator="," >
        (
            #{item.id,jdbcType=BIGINT},
            #{item.salesCouponsID,jdbcType=BIGINT},
            #{item.createTime,jdbcType=TIMESTAMP},
            #{item.createBy,jdbcType=VARCHAR},
            #{item.displayPosition,jdbcType=VARCHAR}
        )
        </foreach>
    </insert>
    <delete id="deleteAvailableSalescoupons" parameterType="map">
        DELETE FROM
            availablesalescoupons
        WHERE
            SalesCouponsID = #{salesCouponsID}
            and DisplayPosition = #{displayPosition}
    </delete>
    <delete id="deleteAllAvailableSalescoupons">
        DELETE FROM availablesalescoupons
    </delete>
</mapper>