<?xml version="1.0" encoding="UTF-8"?>
<!DOCTYPE mapper PUBLIC "-//mybatis.org//DTD Mapper 3.0//EN" "http://mybatis.org/dtd/mybatis-3-mapper.dtd">
<mapper namespace="com.lenovo.m2.couponV2.dao.mybatis.mapper.CouponsMapper">
  <resultMap id="BaseResultMap" type="com.lenovo.m2.couponV2.dao.mybatis.model.Coupons">
    <!--
      WARNING - @mbggenerated
      This element is automatically generated by MyBatis Generator, do not modify.
    -->
    <id column="ID" jdbcType="BIGINT" property="id" />
    <result column="BatchNo" jdbcType="VARCHAR" property="batchno" />
    <result column="Name" jdbcType="VARCHAR" property="name" />
    <result column="SalesCouponID" jdbcType="BIGINT" property="salescouponid" />
    <result column="Type" jdbcType="INTEGER" property="type" />
    <result column="Macode" jdbcType="VARCHAR" property="macode" />
    <result column="ShopId" jdbcType="VARCHAR" property="shopid" />
    <result column="Terminal" jdbcType="VARCHAR" property="terminal" />
    <result column="StartTime" jdbcType="TIMESTAMP" property="starttime" />
    <result column="EndTime" jdbcType="TIMESTAMP" property="endtime" />
    <result column="Amount" jdbcType="DECIMAL" property="amount" />
    <result column="CurrencyCode" jdbcType="VARCHAR" property="currencyCode" />
    <result column="TotalNumber" jdbcType="INTEGER" property="totalnumber" />
    <result column="SurplusNumber" jdbcType="INTEGER" property="surplusnumber" />
    <result column="OccupyNumber" jdbcType="INTEGER" property="occupynumber" />
    <result column="Status" jdbcType="INTEGER" property="status" />
    <result column="CreateTime" jdbcType="TIMESTAMP" property="createtime" />
    <result column="CreateBy" jdbcType="VARCHAR" property="createby" />
    <result column="UpdateTime" jdbcType="TIMESTAMP" property="updatetime" />
    <result column="UpdateBy" jdbcType="VARCHAR" property="updateby" />
    <result column="GroupCode" jdbcType="VARCHAR" property="groupcode" />
  </resultMap>
  <sql id="Example_Where_Clause">
    <!--
      WARNING - @mbggenerated
      This element is automatically generated by MyBatis Generator, do not modify.
    -->
    <where>
      <foreach collection="oredCriteria" item="criteria" separator="or">
        <if test="criteria.valid">
          <trim prefix="(" prefixOverrides="and" suffix=")">
            <foreach collection="criteria.criteria" item="criterion">
              <choose>
                <when test="criterion.noValue">
                  and ${criterion.condition}
                </when>
                <when test="criterion.singleValue">
                  and ${criterion.condition} #{criterion.value}
                </when>
                <when test="criterion.betweenValue">
                  and ${criterion.condition} #{criterion.value} and #{criterion.secondValue}
                </when>
                <when test="criterion.listValue">
                  and ${criterion.condition}
                  <foreach close=")" collection="criterion.value" item="listItem" open="(" separator=",">
                    #{listItem}
                  </foreach>
                </when>
              </choose>
            </foreach>
          </trim>
        </if>
      </foreach>
    </where>
  </sql>
  <sql id="Update_By_Example_Where_Clause">
    <!--
      WARNING - @mbggenerated
      This element is automatically generated by MyBatis Generator, do not modify.
    -->
    <where>
      <foreach collection="example.oredCriteria" item="criteria" separator="or">
        <if test="criteria.valid">
          <trim prefix="(" prefixOverrides="and" suffix=")">
            <foreach collection="criteria.criteria" item="criterion">
              <choose>
                <when test="criterion.noValue">
                  and ${criterion.condition}
                </when>
                <when test="criterion.singleValue">
                  and ${criterion.condition} #{criterion.value}
                </when>
                <when test="criterion.betweenValue">
                  and ${criterion.condition} #{criterion.value} and #{criterion.secondValue}
                </when>
                <when test="criterion.listValue">
                  and ${criterion.condition}
                  <foreach close=")" collection="criterion.value" item="listItem" open="(" separator=",">
                    #{listItem}
                  </foreach>
                </when>
              </choose>
            </foreach>
          </trim>
        </if>
      </foreach>
    </where>
  </sql>
  <sql id="Base_Column_List">
    <!--
      WARNING - @mbggenerated
      This element is automatically generated by MyBatis Generator, do not modify.
    -->
    ID, BatchNo, Name, SalesCouponID, Type, Macode, ShopId, Terminal, StartTime, EndTime, 
    Amount, CurrencyCode, TotalNumber, SurplusNumber, OccupyNumber, Status, CreateTime, CreateBy, UpdateTime,
    UpdateBy, GroupCode
  </sql>
  <select id="selectByExample" parameterType="com.lenovo.m2.couponV2.dao.mybatis.model.CouponsExample" resultMap="BaseResultMap">
    <!--
      WARNING - @mbggenerated
      This element is automatically generated by MyBatis Generator, do not modify.
    -->
    select
    <if test="distinct">
      distinct
    </if>
    <include refid="Base_Column_List" />
    from coupons
    <if test="_parameter != null">
      <include refid="Example_Where_Clause" />
    </if>
    <if test="orderByClause != null">
      order by ${orderByClause}
    </if>
  </select>
  
  <select id="getCouponsByPage" parameterType="map" resultMap="BaseResultMap">
   
    select
    <include refid="Base_Column_List" />
    from coupons where 1
    <if test="salesCouponID != null">
      and SalesCouponID=#{salesCouponID}
    </if>
   	order by CreateTime desc limit #{limitStart},#{limitEnd}
  </select>
  
  <select id="selectByPrimaryKey" parameterType="java.lang.Long" resultMap="BaseResultMap">
    <!--
      WARNING - @mbggenerated
      This element is automatically generated by MyBatis Generator, do not modify.
    -->
    select 
    <include refid="Base_Column_List" />
    from coupons
    where ID = #{id,jdbcType=BIGINT}
  </select>
  <delete id="deleteByPrimaryKey" parameterType="java.lang.Long">
    <!--
      WARNING - @mbggenerated
      This element is automatically generated by MyBatis Generator, do not modify.
    -->
    delete from coupons
    where ID = #{id,jdbcType=BIGINT}
  </delete>
  <delete id="deleteByExample" parameterType="com.lenovo.m2.couponV2.dao.mybatis.model.CouponsExample">
    <!--
      WARNING - @mbggenerated
      This element is automatically generated by MyBatis Generator, do not modify.
    -->
    delete from coupons
    <if test="_parameter != null">
      <include refid="Example_Where_Clause" />
    </if>
  </delete>
  <insert id="insert" parameterType="com.lenovo.m2.couponV2.dao.mybatis.model.Coupons">
    <!--
      WARNING - @mbggenerated
      This element is automatically generated by MyBatis Generator, do not modify.
    -->
    insert into coupons (ID, BatchNo, Name, 
      SalesCouponID, Type, Macode, 
      ShopId, Terminal, StartTime, 
      EndTime, Amount, CurrencyCode, TotalNumber,
      SurplusNumber, OccupyNumber, Status, 
      CreateTime, CreateBy, UpdateTime, 
      UpdateBy, GroupCode)
    values (#{id,jdbcType=BIGINT}, #{batchno,jdbcType=VARCHAR}, #{name,jdbcType=VARCHAR}, 
      #{salescouponid,jdbcType=BIGINT}, #{type,jdbcType=INTEGER}, #{macode,jdbcType=VARCHAR}, 
      #{shopid,jdbcType=VARCHAR}, #{terminal,jdbcType=VARCHAR}, #{starttime,jdbcType=TIMESTAMP}, 
      #{endtime,jdbcType=TIMESTAMP}, #{amount,jdbcType=DECIMAL}, #{currencyCode, jdbcType=VARCHAR}, #{totalnumber,jdbcType=INTEGER},
      #{surplusnumber,jdbcType=INTEGER}, #{occupynumber,jdbcType=INTEGER}, #{status,jdbcType=INTEGER}, 
      #{createtime,jdbcType=TIMESTAMP}, #{createby,jdbcType=VARCHAR}, #{updatetime,jdbcType=TIMESTAMP}, 
      #{updateby,jdbcType=VARCHAR}, #{groupcode,jdbcType=VARCHAR})
  </insert>
  <insert id="insertSelective" parameterType="com.lenovo.m2.couponV2.dao.mybatis.model.Coupons">
    <!--
      WARNING - @mbggenerated
      This element is automatically generated by MyBatis Generator, do not modify.
    -->
    insert into coupons
    <trim prefix="(" suffix=")" suffixOverrides=",">
      <if test="id != null">
        ID,
      </if>
      <if test="batchno != null">
        BatchNo,
      </if>
      <if test="name != null">
        Name,
      </if>
      <if test="salescouponid != null">
        SalesCouponID,
      </if>
      <if test="type != null">
        Type,
      </if>
      <if test="macode != null">
        Macode,
      </if>
      <if test="shopid != null">
        ShopId,
      </if>
      <if test="terminal != null">
        Terminal,
      </if>
      <if test="starttime != null">
        StartTime,
      </if>
      <if test="endtime != null">
        EndTime,
      </if>
      <if test="amount != null">
        Amount,
      </if>
      <if test="currencyCode != null">
        CurrencyCode,
      </if>
      <if test="totalnumber != null">
        TotalNumber,
      </if>
      <if test="surplusnumber != null">
        SurplusNumber,
      </if>
      <if test="occupynumber != null">
        OccupyNumber,
      </if>
      <if test="status != null">
        Status,
      </if>
      <if test="createtime != null">
        CreateTime,
      </if>
      <if test="createby != null">
        CreateBy,
      </if>
      <if test="updatetime != null">
        UpdateTime,
      </if>
      <if test="updateby != null">
        UpdateBy,
      </if>
      <if test="groupcode != null">
        GroupCode,
      </if>
    </trim>
    <trim prefix="values (" suffix=")" suffixOverrides=",">
      <if test="id != null">
        #{id,jdbcType=BIGINT},
      </if>
      <if test="batchno != null">
        #{batchno,jdbcType=VARCHAR},
      </if>
      <if test="name != null">
        #{name,jdbcType=VARCHAR},
      </if>
      <if test="salescouponid != null">
        #{salescouponid,jdbcType=BIGINT},
      </if>
      <if test="type != null">
        #{type,jdbcType=INTEGER},
      </if>
      <if test="macode != null">
        #{macode,jdbcType=VARCHAR},
      </if>
      <if test="shopid != null">
        #{shopid,jdbcType=VARCHAR},
      </if>
      <if test="terminal != null">
        #{terminal,jdbcType=VARCHAR},
      </if>
      <if test="starttime != null">
        #{starttime,jdbcType=TIMESTAMP},
      </if>
      <if test="endtime != null">
        #{endtime,jdbcType=TIMESTAMP},
      </if>
      <if test="amount != null">
        #{amount,jdbcType=DECIMAL},
      </if>
      <if test="currencyCode != null">
        #{CurrencyCode,jdbcType=VARCHAR},
      </if>
      <if test="totalnumber != null">
        #{totalnumber,jdbcType=INTEGER},
      </if>
      <if test="surplusnumber != null">
        #{surplusnumber,jdbcType=INTEGER},
      </if>
      <if test="occupynumber != null">
        #{occupynumber,jdbcType=INTEGER},
      </if>
      <if test="status != null">
        #{status,jdbcType=INTEGER},
      </if>
      <if test="createtime != null">
        #{createtime,jdbcType=TIMESTAMP},
      </if>
      <if test="createby != null">
        #{createby,jdbcType=VARCHAR},
      </if>
      <if test="updatetime != null">
        #{updatetime,jdbcType=TIMESTAMP},
      </if>
      <if test="updateby != null">
        #{updateby,jdbcType=VARCHAR},
      </if>
      <if test="groupcode != null">
        #{groupcode,jdbcType=VARCHAR},
      </if>
    </trim>
  </insert>
  <select id="countByExample" parameterType="com.lenovo.m2.couponV2.dao.mybatis.model.CouponsExample" resultType="java.lang.Integer">
    <!--
      WARNING - @mbggenerated
      This element is automatically generated by MyBatis Generator, do not modify.
    -->
    select count(*) from coupons
    <if test="_parameter != null">
      <include refid="Example_Where_Clause" />
    </if>
  </select>
  <update id="updateByExampleSelective" parameterType="map">
    <!--
      WARNING - @mbggenerated
      This element is automatically generated by MyBatis Generator, do not modify.
    -->
    update coupons
    <set>
      <if test="record.id != null">
        ID = #{record.id,jdbcType=BIGINT},
      </if>
      <if test="record.batchno != null">
        BatchNo = #{record.batchno,jdbcType=VARCHAR},
      </if>
      <if test="record.name != null">
        Name = #{record.name,jdbcType=VARCHAR},
      </if>
      <if test="record.salescouponid != null">
        SalesCouponID = #{record.salescouponid,jdbcType=BIGINT},
      </if>
      <if test="record.type != null">
        Type = #{record.type,jdbcType=INTEGER},
      </if>
      <if test="record.macode != null">
        Macode = #{record.macode,jdbcType=VARCHAR},
      </if>
      <if test="record.shopid != null">
        ShopId = #{record.shopid,jdbcType=VARCHAR},
      </if>
      <if test="record.terminal != null">
        Terminal = #{record.terminal,jdbcType=VARCHAR},
      </if>
      <if test="record.starttime != null">
        StartTime = #{record.starttime,jdbcType=TIMESTAMP},
      </if>
      <if test="record.endtime != null">
        EndTime = #{record.endtime,jdbcType=TIMESTAMP},
      </if>
      <if test="record.amount != null">
        Amount = #{record.amount,jdbcType=DECIMAL},
      </if>
      <if test="record.currencyCode != null">
        CurrencyCode = #{record.currencyCode,jdbcType=VARCHAR},
      </if>
      <if test="record.totalnumber != null">
        TotalNumber = #{record.totalnumber,jdbcType=INTEGER},
      </if>
      <if test="record.surplusnumber != null">
        SurplusNumber = #{record.surplusnumber,jdbcType=INTEGER},
      </if>
      <if test="record.occupynumber != null">
        OccupyNumber = #{record.occupynumber,jdbcType=INTEGER},
      </if>
      <if test="record.status != null">
        Status = #{record.status,jdbcType=INTEGER},
      </if>
      <if test="record.createtime != null">
        CreateTime = #{record.createtime,jdbcType=TIMESTAMP},
      </if>
      <if test="record.createby != null">
        CreateBy = #{record.createby,jdbcType=VARCHAR},
      </if>
      <if test="record.updatetime != null">
        UpdateTime = #{record.updatetime,jdbcType=TIMESTAMP},
      </if>
      <if test="record.updateby != null">
        UpdateBy = #{record.updateby,jdbcType=VARCHAR},
      </if>
      <if test="record.groupcode != null">
        GroupCode = #{record.groupcode,jdbcType=VARCHAR},
      </if>
    </set>
    <if test="_parameter != null">
      <include refid="Update_By_Example_Where_Clause" />
    </if>
  </update>
  <update id="updateByExample" parameterType="map">
    <!--
      WARNING - @mbggenerated
      This element is automatically generated by MyBatis Generator, do not modify.
    -->
    update coupons
    set ID = #{record.id,jdbcType=BIGINT},
      BatchNo = #{record.batchno,jdbcType=VARCHAR},
      Name = #{record.name,jdbcType=VARCHAR},
      SalesCouponID = #{record.salescouponid,jdbcType=BIGINT},
      Type = #{record.type,jdbcType=INTEGER},
      Macode = #{record.macode,jdbcType=VARCHAR},
      ShopId = #{record.shopid,jdbcType=VARCHAR},
      Terminal = #{record.terminal,jdbcType=VARCHAR},
      StartTime = #{record.starttime,jdbcType=TIMESTAMP},
      EndTime = #{record.endtime,jdbcType=TIMESTAMP},
      Amount = #{record.amount,jdbcType=DECIMAL},
      CurrencyCode = #{record.currencyCode,jdbcType=VARCHAR},
      TotalNumber = #{record.totalnumber,jdbcType=INTEGER},
      SurplusNumber = #{record.surplusnumber,jdbcType=INTEGER},
      OccupyNumber = #{record.occupynumber,jdbcType=INTEGER},
      Status = #{record.status,jdbcType=INTEGER},
      CreateTime = #{record.createtime,jdbcType=TIMESTAMP},
      CreateBy = #{record.createby,jdbcType=VARCHAR},
      UpdateTime = #{record.updatetime,jdbcType=TIMESTAMP},
      UpdateBy = #{record.updateby,jdbcType=VARCHAR},
      GroupCode = #{record.groupcode,jdbcType=VARCHAR}
    <if test="_parameter != null">
      <include refid="Update_By_Example_Where_Clause" />
    </if>
  </update>
  <update id="updateByPrimaryKeySelective" parameterType="com.lenovo.m2.couponV2.dao.mybatis.model.Coupons">
    <!--
      WARNING - @mbggenerated
      This element is automatically generated by MyBatis Generator, do not modify.
    -->
    update coupons
    <set>
      <if test="batchno != null">
        BatchNo = #{batchno,jdbcType=VARCHAR},
      </if>
      <if test="name != null">
        Name = #{name,jdbcType=VARCHAR},
      </if>
      <if test="salescouponid != null">
        SalesCouponID = #{salescouponid,jdbcType=BIGINT},
      </if>
      <if test="type != null">
        Type = #{type,jdbcType=INTEGER},
      </if>
      <if test="macode != null">
        Macode = #{macode,jdbcType=VARCHAR},
      </if>
      <if test="shopid != null">
        ShopId = #{shopid,jdbcType=VARCHAR},
      </if>
      <if test="terminal != null">
        Terminal = #{terminal,jdbcType=VARCHAR},
      </if>
      <if test="starttime != null">
        StartTime = #{starttime,jdbcType=TIMESTAMP},
      </if>
      <if test="endtime != null">
        EndTime = #{endtime,jdbcType=TIMESTAMP},
      </if>
      <if test="amount != null">
        Amount = #{amount,jdbcType=DECIMAL},
      </if>
      <if test="currencyCode != null">
        CurrencyCode = #{currencyCode,jdbcType=VARCHAR},
      </if>
      <if test="totalnumber != null">
        TotalNumber = #{totalnumber,jdbcType=INTEGER},
      </if>
      <if test="surplusnumber != null">
        SurplusNumber = #{surplusnumber,jdbcType=INTEGER},
      </if>
      <if test="occupynumber != null">
        OccupyNumber = #{occupynumber,jdbcType=INTEGER},
      </if>
      <if test="status != null">
        Status = #{status,jdbcType=INTEGER},
      </if>
      <if test="createtime != null">
        CreateTime = #{createtime,jdbcType=TIMESTAMP},
      </if>
      <if test="createby != null">
        CreateBy = #{createby,jdbcType=VARCHAR},
      </if>
      <if test="updatetime != null">
        UpdateTime = #{updatetime,jdbcType=TIMESTAMP},
      </if>
      <if test="updateby != null">
        UpdateBy = #{updateby,jdbcType=VARCHAR},
      </if>
      <if test="groupcode != null">
        GroupCode = #{groupcode,jdbcType=VARCHAR},
      </if>
    </set>
    where ID = #{id,jdbcType=BIGINT}
  </update>
  <update id="updateByPrimaryKey" parameterType="com.lenovo.m2.couponV2.dao.mybatis.model.Coupons">
    <!--
      WARNING - @mbggenerated
      This element is automatically generated by MyBatis Generator, do not modify.
    -->
    update coupons
    set BatchNo = #{batchno,jdbcType=VARCHAR},
      Name = #{name,jdbcType=VARCHAR},
      SalesCouponID = #{salescouponid,jdbcType=BIGINT},
      Type = #{type,jdbcType=INTEGER},
      Macode = #{macode,jdbcType=VARCHAR},
      ShopId = #{shopid,jdbcType=VARCHAR},
      Terminal = #{terminal,jdbcType=VARCHAR},
      StartTime = #{starttime,jdbcType=TIMESTAMP},
      EndTime = #{endtime,jdbcType=TIMESTAMP},
      Amount = #{amount,jdbcType=DECIMAL},
      CurrencyCode = #{currencyCode,jdbcType=VARCHAR},
      TotalNumber = #{totalnumber,jdbcType=INTEGER},
      SurplusNumber = #{surplusnumber,jdbcType=INTEGER},
      OccupyNumber = #{occupynumber,jdbcType=INTEGER},
      Status = #{status,jdbcType=INTEGER},
      CreateTime = #{createtime,jdbcType=TIMESTAMP},
      CreateBy = #{createby,jdbcType=VARCHAR},
      UpdateTime = #{updatetime,jdbcType=TIMESTAMP},
      UpdateBy = #{updateby,jdbcType=VARCHAR},
      GroupCode = #{groupcode,jdbcType=VARCHAR}
    where ID = #{id,jdbcType=BIGINT}
  </update>

    <!-- 返还优惠券，即可用数减1 -->
    <update id="updateCouponsReduce" parameterType="map">
        update coupons
        set
        OccupyNumber = OccupyNumber - 1,
        SurplusNumber = SurplusNumber + 1,
        UpdateTime = now()
        where ID = #{id} and OccupyNumber &gt;= 1
        <if test="shopId != null">
          and ShopId = #{shopId}
        </if>
    </update>

    <!-- 使用优惠券，即可用数加1 -->
    <update id="updateCouponsPlus" parameterType="map">
        update coupons
        set
        OccupyNumber = OccupyNumber + 1,
        SurplusNumber = SurplusNumber - 1,
        UpdateTime = now()
        where ID = #{id}
        and OccupyNumber &lt; #{totalnumber}
        <if test="shopId != null">
          and ShopId = #{shopId}
        </if>
    </update>


    <select id="getCouponsByCode" parameterType="map" resultMap="BaseResultMap">
        SELECT * FROM coupons
        WHERE  (Macode=#{initialMacode} or Macode=#{encryptionMacode})
        <if test="shopId != null">
          and ShopId = #{shopId}
        </if>
        and Status=0
    </select>

  <!--  -->
  <select id="getTrueMacode" parameterType="map" resultMap="BaseResultMap">
    SELECT * FROM coupons
    WHERE  id=#{id}

  </select>

    <!-- 分页查询 -->
    <select flushCache="false" id="getCouponsInfoPage" parameterType="map" resultMap="BaseResultMap" useCache="true">
        SELECT
        <include refid="Base_Column_List" />
        FROM coupons t
        <if test="param2 !=null">
            <where>
                <if test="param2.createby != null and param2.createby!='' ">
                  and t.CreateBy = #{param2.createby}
                </if>
                <if test="param2.name != null and param2.name!='' ">
                    and t.Name = #{param2.name}
                </if>
                <if test="param2.salescouponid != null and param2.salescouponid!='' ">
                    and t.SalesCouponID = #{param2.salescouponid}
                </if>
                <if test="param2.batchno != null and param2.batchno!='' ">
                    and t.BatchNo = #{param2.batchno}
                </if>
                <if test="param2.macode != null and param2.macode!='' ">
                    and t.Macode = #{param2.macode}
                </if>
                <if test="param2.enmacode != null and param2.enmacode!='' ">
                    or t.Macode = #{param2.enmacode}
                </if>
                <if test="param2.amount!=null and param2.amount!=''">
                    and Amount = #{param2.amount}
                </if>
                <if test="param2.currencyCode!=null and param2.currencyCode!=''">
                    and CurrencyCode = #{param2.currencyCode}
                </if>
                <if test="param2.status!=null and param2.status!=''">
                    and Status = #{param2.status}
                </if>
                <if test="param2.type!=null and param2.type!=''">
                    and Type = #{param2.type}
                </if>
                <if test="param2.shopid!=null and param2.shopid!=''">
                    and ShopId = #{param2.shopid}
                </if>
                <if test="param2.shopids!=null and param2.shopids!=''">
                    and ShopId IN
                  <foreach close=")" collection="param2.shopids" item="listItem" open="(" separator=",">
                    #{listItem}
                  </foreach>
                </if>
                <if test="param2.terminal!=null and param2.terminal!=''">
                    and Terminal REGEXP #{param2.terminal}
                </if>
                <if test="param2.fromtime!=null and param2.fromtime!=''">
                    and DATE_FORMAT(StartTime,'%Y-%m-%d')  &gt;= #{param2.fromtime}
                </if>
                <if test="param2.totime!=null and param2.totime!=''">
                    and DATE_FORMAT(EndTime,'%Y-%m-%d') &lt;= #{param2.totime}
                </if>
                <if test="param2.createtime_start!=null and param2.createtime_start!=''">
                    and CreateTime,'%Y-%m-%d' &gt;= #{param2.createtime_start}
                </if>
                <if test="param2.createtime_end!=null and param2.createtime_end!=''">
                    and CreateTime,'%Y-%m-%d' &lt;= #{param2.createtime_end}
                </if>
            </where>
        </if>
        order by UpdateTime desc
    </select>

  <!-- 批量插入 -->
  <insert id="insertBatch" parameterType="java.util.List">
    INSERT INTO coupons (BatchNo, SalesCouponID,
    Type, Macode, ShopId,
    Terminal, StartTime, EndTime,
    Amount, CurrencyCode, TotalNumber, SurplusNumber,OccupyNumber,
    Status, CreateTime,name,
    CreateBy, UpdateTime,GroupCode
    )
    VALUES
    <foreach collection="list" index="index" item="item" separator=",">
      (#{item.batchno,jdbcType=VARCHAR}, #{item.salescouponid,jdbcType=BIGINT},
      #{item.type,jdbcType=INTEGER}, #{item.macode,jdbcType=VARCHAR}, #{item.shopid,jdbcType=VARCHAR},
      #{item.terminal,jdbcType=VARCHAR}, #{item.starttime,jdbcType=TIMESTAMP}, #{item.endtime,jdbcType=TIMESTAMP},
      #{item.amount,jdbcType=DECIMAL}, #{item.currencyCode,jdbcType=VARCHAR}, #{item.totalnumber,jdbcType=INTEGER}, #{item.surplusnumber,jdbcType=INTEGER},
      #{item.occupynumber,jdbcType=INTEGER},#{item.status,jdbcType=INTEGER}, #{item.createtime,jdbcType=TIMESTAMP},#{item.name,jdbcType=VARCHAR},
      #{item.createby,jdbcType=VARCHAR}, #{item.updatetime,jdbcType=TIMESTAMP} ,#{item.groupcode,jdbcType=VARCHAR})
    </foreach>
  </insert>
</mapper>