<?xml version="1.0" encoding="UTF-8"?>
<!DOCTYPE mapper PUBLIC "-//mybatis.org//DTD Mapper 3.0//EN" "http://mybatis.org/dtd/mybatis-3-mapper.dtd">
<mapper namespace="com.lenovo.m2.couponV2.dao.mybatis.mapper.CouponsCategoryMapper">
  <resultMap id="BaseResultMap" type="com.lenovo.m2.couponV2.dao.mybatis.model.CouponsCategory">
    <!--
      WARNING - @mbggenerated
      This element is automatically generated by MyBatis Generator, do not modify.
    -->
    <id column="ID" jdbcType="INTEGER" property="id" />
    <result column="ClassificationName" jdbcType="VARCHAR" property="classificationname" />
    <result column="ShopId" jdbcType="VARCHAR" property="shopid" />
    <result column="Terminal" jdbcType="VARCHAR" property="terminal" />
    <result column="UseScope" jdbcType="INTEGER" property="usescope" />
    <result column="disable" jdbcType="INTEGER" property="disable" />
    <result column="Superposition" jdbcType="INTEGER" property="superposition" />
    <result column="CreateTime" jdbcType="TIMESTAMP" property="createtime" />
    <result column="CreateBy" jdbcType="VARCHAR" property="createby" />
    <result column="UpdateTime" jdbcType="TIMESTAMP" property="updatetime" />
    <result column="UpdateBy" jdbcType="VARCHAR" property="updateby" />
  </resultMap>
  <sql id="Example_Where_Clause">
    <!--
      WARNING - @mbggenerated
      This element is automatically generated by MyBatis Generator, do not modify.
    -->
    <where>
      <foreach collection="oredCriteria" item="criteria" separator="or">
        <if test="criteria.valid">
          <trim prefix="(" prefixOverrides="and" suffix=")">
            <foreach collection="criteria.criteria" item="criterion">
              <choose>
                <when test="criterion.noValue">
                  and ${criterion.condition}
                </when>
                <when test="criterion.singleValue">
                  and ${criterion.condition} #{criterion.value}
                </when>
                <when test="criterion.betweenValue">
                  and ${criterion.condition} #{criterion.value} and #{criterion.secondValue}
                </when>
                <when test="criterion.listValue">
                  and ${criterion.condition}
                  <foreach close=")" collection="criterion.value" item="listItem" open="(" separator=",">
                    #{listItem}
                  </foreach>
                </when>
              </choose>
            </foreach>
          </trim>
        </if>
      </foreach>
    </where>
  </sql>
  <sql id="Update_By_Example_Where_Clause">
    <!--
      WARNING - @mbggenerated
      This element is automatically generated by MyBatis Generator, do not modify.
    -->
    <where>
      <foreach collection="example.oredCriteria" item="criteria" separator="or">
        <if test="criteria.valid">
          <trim prefix="(" prefixOverrides="and" suffix=")">
            <foreach collection="criteria.criteria" item="criterion">
              <choose>
                <when test="criterion.noValue">
                  and ${criterion.condition}
                </when>
                <when test="criterion.singleValue">
                  and ${criterion.condition} #{criterion.value}
                </when>
                <when test="criterion.betweenValue">
                  and ${criterion.condition} #{criterion.value} and #{criterion.secondValue}
                </when>
                <when test="criterion.listValue">
                  and ${criterion.condition}
                  <foreach close=")" collection="criterion.value" item="listItem" open="(" separator=",">
                    #{listItem}
                  </foreach>
                </when>
              </choose>
            </foreach>
          </trim>
        </if>
      </foreach>
    </where>
  </sql>
  <sql id="Base_Column_List">
    <!--
      WARNING - @mbggenerated
      This element is automatically generated by MyBatis Generator, do not modify.
    -->
    ID, ClassificationName, ShopId, Terminal, UseScope, disable, Superposition, CreateTime, 
    CreateBy, UpdateTime, UpdateBy
  </sql>
  <select id="selectByExample" parameterType="com.lenovo.m2.couponV2.dao.mybatis.model.CouponsCategoryExample" resultMap="BaseResultMap">
    <!--
      WARNING - @mbggenerated
      This element is automatically generated by MyBatis Generator, do not modify.
    -->
    select
    <if test="distinct">
      distinct
    </if>
    <include refid="Base_Column_List" />
    from couponscategory
    <if test="_parameter != null">
      <include refid="Example_Where_Clause" />
    </if>
    <if test="orderByClause != null">
      order by ${orderByClause}
    </if>
  </select>
  <select id="selectByPrimaryKey" parameterType="java.lang.Integer" resultMap="BaseResultMap">
    <!--
      WARNING - @mbggenerated
      This element is automatically generated by MyBatis Generator, do not modify.
    -->
    select 
    <include refid="Base_Column_List" />
    from couponscategory
    where ID = #{id,jdbcType=INTEGER}
  </select>
  <delete id="deleteByPrimaryKey" parameterType="java.lang.Integer">
    <!--
      WARNING - @mbggenerated
      This element is automatically generated by MyBatis Generator, do not modify.
    -->
    delete from couponscategory
    where ID = #{id,jdbcType=INTEGER}
  </delete>
  <delete id="deleteByExample" parameterType="com.lenovo.m2.couponV2.dao.mybatis.model.CouponsCategoryExample">
    <!--
      WARNING - @mbggenerated
      This element is automatically generated by MyBatis Generator, do not modify.
    -->
    delete from couponscategory
    <if test="_parameter != null">
      <include refid="Example_Where_Clause" />
    </if>
  </delete>
  <insert id="insert" parameterType="com.lenovo.m2.couponV2.dao.mybatis.model.CouponsCategory">
    <!--
      WARNING - @mbggenerated
      This element is automatically generated by MyBatis Generator, do not modify.
    -->
    insert into couponscategory (ID, ClassificationName, ShopId, 
      Terminal, UseScope, disable, 
      Superposition, CreateTime, CreateBy, 
      UpdateTime, UpdateBy)
    values (#{id,jdbcType=INTEGER}, #{classificationname,jdbcType=VARCHAR}, #{shopid,jdbcType=VARCHAR}, 
      #{terminal,jdbcType=VARCHAR}, #{usescope,jdbcType=INTEGER}, #{disable,jdbcType=INTEGER}, 
      #{superposition,jdbcType=INTEGER}, #{createtime,jdbcType=TIMESTAMP}, #{createby,jdbcType=VARCHAR}, 
      #{updatetime,jdbcType=TIMESTAMP}, #{updateby,jdbcType=VARCHAR})
  </insert>
  <insert id="insertSelective" parameterType="com.lenovo.m2.couponV2.dao.mybatis.model.CouponsCategory">
    <!--
      WARNING - @mbggenerated
      This element is automatically generated by MyBatis Generator, do not modify.
    -->
    insert into couponscategory
    <trim prefix="(" suffix=")" suffixOverrides=",">
      <if test="id != null">
        ID,
      </if>
      <if test="classificationname != null">
        ClassificationName,
      </if>
      <if test="shopid != null">
        ShopId,
      </if>
      <if test="terminal != null">
        Terminal,
      </if>
      <if test="usescope != null">
        UseScope,
      </if>
      <if test="disable != null">
        disable,
      </if>
      <if test="superposition != null">
        Superposition,
      </if>
      <if test="createtime != null">
        CreateTime,
      </if>
      <if test="createby != null">
        CreateBy,
      </if>
      <if test="updatetime != null">
        UpdateTime,
      </if>
      <if test="updateby != null">
        UpdateBy,
      </if>
    </trim>
    <trim prefix="values (" suffix=")" suffixOverrides=",">
      <if test="id != null">
        #{id,jdbcType=INTEGER},
      </if>
      <if test="classificationname != null">
        #{classificationname,jdbcType=VARCHAR},
      </if>
      <if test="shopid != null">
        #{shopid,jdbcType=VARCHAR},
      </if>
      <if test="terminal != null">
        #{terminal,jdbcType=VARCHAR},
      </if>
      <if test="usescope != null">
        #{usescope,jdbcType=INTEGER},
      </if>
      <if test="disable != null">
        #{disable,jdbcType=INTEGER},
      </if>
      <if test="superposition != null">
        #{superposition,jdbcType=INTEGER},
      </if>
      <if test="createtime != null">
        #{createtime,jdbcType=TIMESTAMP},
      </if>
      <if test="createby != null">
        #{createby,jdbcType=VARCHAR},
      </if>
      <if test="updatetime != null">
        #{updatetime,jdbcType=TIMESTAMP},
      </if>
      <if test="updateby != null">
        #{updateby,jdbcType=VARCHAR},
      </if>
    </trim>
  </insert>
  <select id="countByExample" parameterType="com.lenovo.m2.couponV2.dao.mybatis.model.CouponsCategoryExample" resultType="java.lang.Integer">
    <!--
      WARNING - @mbggenerated
      This element is automatically generated by MyBatis Generator, do not modify.
    -->
    select count(*) from couponscategory
    <if test="_parameter != null">
      <include refid="Example_Where_Clause" />
    </if>
  </select>
  <update id="updateByExampleSelective" parameterType="map">
    <!--
      WARNING - @mbggenerated
      This element is automatically generated by MyBatis Generator, do not modify.
    -->
    update couponscategory
    <set>
      <if test="record.id != null">
        ID = #{record.id,jdbcType=INTEGER},
      </if>
      <if test="record.classificationname != null">
        ClassificationName = #{record.classificationname,jdbcType=VARCHAR},
      </if>
      <if test="record.shopid != null">
        ShopId = #{record.shopid,jdbcType=VARCHAR},
      </if>
      <if test="record.terminal != null">
        Terminal = #{record.terminal,jdbcType=VARCHAR},
      </if>
      <if test="record.usescope != null">
        UseScope = #{record.usescope,jdbcType=INTEGER},
      </if>
      <if test="record.disable != null">
        disable = #{record.disable,jdbcType=INTEGER},
      </if>
      <if test="record.superposition != null">
        Superposition = #{record.superposition,jdbcType=INTEGER},
      </if>
      <if test="record.createtime != null">
        CreateTime = #{record.createtime,jdbcType=TIMESTAMP},
      </if>
      <if test="record.createby != null">
        CreateBy = #{record.createby,jdbcType=VARCHAR},
      </if>
      <if test="record.updatetime != null">
        UpdateTime = #{record.updatetime,jdbcType=TIMESTAMP},
      </if>
      <if test="record.updateby != null">
        UpdateBy = #{record.updateby,jdbcType=VARCHAR},
      </if>
    </set>
    <if test="_parameter != null">
      <include refid="Update_By_Example_Where_Clause" />
    </if>
  </update>
  <update id="updateByExample" parameterType="map">
    <!--
      WARNING - @mbggenerated
      This element is automatically generated by MyBatis Generator, do not modify.
    -->
    update couponscategory
    set ID = #{record.id,jdbcType=INTEGER},
      ClassificationName = #{record.classificationname,jdbcType=VARCHAR},
      ShopId = #{record.shopid,jdbcType=VARCHAR},
      Terminal = #{record.terminal,jdbcType=VARCHAR},
      UseScope = #{record.usescope,jdbcType=INTEGER},
      disable = #{record.disable,jdbcType=INTEGER},
      Superposition = #{record.superposition,jdbcType=INTEGER},
      CreateTime = #{record.createtime,jdbcType=TIMESTAMP},
      CreateBy = #{record.createby,jdbcType=VARCHAR},
      UpdateTime = #{record.updatetime,jdbcType=TIMESTAMP},
      UpdateBy = #{record.updateby,jdbcType=VARCHAR}
    <if test="_parameter != null">
      <include refid="Update_By_Example_Where_Clause" />
    </if>
  </update>
  <update id="updateByPrimaryKeySelective" parameterType="com.lenovo.m2.couponV2.dao.mybatis.model.CouponsCategory">
    <!--
      WARNING - @mbggenerated
      This element is automatically generated by MyBatis Generator, do not modify.
    -->
    update couponscategory
    <set>
      <if test="classificationname != null">
        ClassificationName = #{classificationname,jdbcType=VARCHAR},
      </if>
      <if test="shopid != null">
        ShopId = #{shopid,jdbcType=VARCHAR},
      </if>
      <if test="terminal != null">
        Terminal = #{terminal,jdbcType=VARCHAR},
      </if>
      <if test="usescope != null">
        UseScope = #{usescope,jdbcType=INTEGER},
      </if>
      <if test="disable != null">
        disable = #{disable,jdbcType=INTEGER},
      </if>
      <if test="superposition != null">
        Superposition = #{superposition,jdbcType=INTEGER},
      </if>
      <if test="createtime != null">
        CreateTime = #{createtime,jdbcType=TIMESTAMP},
      </if>
      <if test="createby != null">
        CreateBy = #{createby,jdbcType=VARCHAR},
      </if>
      <if test="updatetime != null">
        UpdateTime = #{updatetime,jdbcType=TIMESTAMP},
      </if>
      <if test="updateby != null">
        UpdateBy = #{updateby,jdbcType=VARCHAR},
      </if>
    </set>
    where ID = #{id,jdbcType=INTEGER}
  </update>
  <update id="updateByPrimaryKey" parameterType="com.lenovo.m2.couponV2.dao.mybatis.model.CouponsCategory">
    <!--
      WARNING - @mbggenerated
      This element is automatically generated by MyBatis Generator, do not modify.
    -->
    update couponscategory
    set ClassificationName = #{classificationname,jdbcType=VARCHAR},
      ShopId = #{shopid,jdbcType=VARCHAR},
      Terminal = #{terminal,jdbcType=VARCHAR},
      UseScope = #{usescope,jdbcType=INTEGER},
      disable = #{disable,jdbcType=INTEGER},
      Superposition = #{superposition,jdbcType=INTEGER},
      CreateTime = #{createtime,jdbcType=TIMESTAMP},
      CreateBy = #{createby,jdbcType=VARCHAR},
      UpdateTime = #{updatetime,jdbcType=TIMESTAMP},
      UpdateBy = #{updateby,jdbcType=VARCHAR}
    where ID = #{id,jdbcType=INTEGER}
  </update>
  <!-- 分页查询 -->
  <select flushCache="false" id="getCouponsCategoryInfoPage" parameterType="map" resultMap="BaseResultMap" useCache="true">
    SELECT
    <include refid="Base_Column_List" />
    FROM couponscategory t
    <if test="param2 !=null">
      <where>
        <if test="param2.classificationname!=null and param2.classificationname!=''">
          and ClassificationName  like CONCAT(CONCAT('%',#{param2.classificationname},'%'))
        </if>
        <if test="param2.usescope!=null and param2.usescope!=''">
          and UseScope = #{param2.usescope}
        </if>
        <if test="param2.shopid!=null and param2.shopid!=''">
          and ShopId = #{param2.shopid}
        </if>
        <if test="param2.shopids!=null and param2.shopids!=''">
          and ShopId IN
          <foreach close=")" collection="param2.shopids" item="listItem" open="(" separator=",">
            #{listItem}
          </foreach>
        </if>
        <if test="param2.terminal!=null and param2.terminal!=''">
          and Terminal REGEXP #{param2.terminal}
        </if>
        <if test="param2.superposition!=null and param2.superposition!=''">
          and Superposition = #{param2.superposition}
        </if>
        <if test="param2.disable!=null and param2.disable!=''">
          and disable = #{param2.disable}
        </if>
        <if test="param2.createtime_start!=null and param2.createtime_start!=''">
          and DATE_FORMAT(CreateTime,'%Y-%m-%d') &gt;= #{param2.createtime_start}
        </if>
        <if test="param2.createtime_end!=null and param2.createtime_end!=''">
          and DATE_FORMAT(CreateTime,'%Y-%m-%d') &lt;= #{param2.createtime_end}
        </if>
      </where>
    </if>
    order by CreateTime desc
  </select>
</mapper>