<?xml version="1.0" encoding="UTF-8"?>
<!DOCTYPE mapper PUBLIC "-//mybatis.org//DTD Mapper 3.0//EN" "http://mybatis.org/dtd/mybatis-3-mapper.dtd">
<mapper namespace="com.lenovo.m2.couponV2.dao.mybatis.mapper.CouponchecksMapper">
  <resultMap id="BaseResultMap" type="com.lenovo.m2.couponV2.dao.mybatis.model.Couponchecks">
    <!--
      WARNING - @mbggenerated
      This element is automatically generated by MyBatis Generator, do not modify.
    -->
    <id column="ID" jdbcType="BIGINT" property="id" />
    <result column="Style" jdbcType="INTEGER" property="style" />
    <result column="Name" jdbcType="VARCHAR" property="name" />
    <result column="SalesCouponID" jdbcType="BIGINT" property="salescouponid" />
    <result column="CheckPersonID" jdbcType="VARCHAR" property="checkpersonid" />
    <result column="SecondsCheckPersonID" jdbcType="VARCHAR" property="secondsCheckPersonID" />
    <result column="CheckPostTime" jdbcType="TIMESTAMP" property="checkposttime" />
    <result column="SecondsCheckPostTime" jdbcType="TIMESTAMP" property="secondsCheckPostTime" />
    <result column="CheckStatus" jdbcType="INTEGER" property="checkstatus" />
    <result column="CreateTime" jdbcType="TIMESTAMP" property="createtime" />
    <result column="CreateBy" jdbcType="VARCHAR" property="createby" />
    <result column="UpdateTime" jdbcType="TIMESTAMP" property="updatetime" />
    <result column="UpdateBy" jdbcType="VARCHAR" property="updateby" />
    <result column="ShopId" jdbcType="VARCHAR" property="shopid" />
  </resultMap>
  <resultMap extends="BaseResultMap" id="ResultMapWithBLOBs" type="com.lenovo.m2.couponV2.dao.mybatis.model.Couponchecks">
    <!--
      WARNING - @mbggenerated
      This element is automatically generated by MyBatis Generator, do not modify.
    -->
    <result column="RejectReason" jdbcType="LONGVARCHAR" property="rejectreason" />
  </resultMap>
  <sql id="Example_Where_Clause">
    <!--
      WARNING - @mbggenerated
      This element is automatically generated by MyBatis Generator, do not modify.
    -->
    <where>
      <foreach collection="oredCriteria" item="criteria" separator="or">
        <if test="criteria.valid">
          <trim prefix="(" prefixOverrides="and" suffix=")">
            <foreach collection="criteria.criteria" item="criterion">
              <choose>
                <when test="criterion.noValue">
                  and ${criterion.condition}
                </when>
                <when test="criterion.singleValue">
                  and ${criterion.condition} #{criterion.value}
                </when>
                <when test="criterion.betweenValue">
                  and ${criterion.condition} #{criterion.value} and #{criterion.secondValue}
                </when>
                <when test="criterion.listValue">
                  and ${criterion.condition}
                  <foreach close=")" collection="criterion.value" item="listItem" open="(" separator=",">
                    #{listItem}
                  </foreach>
                </when>
              </choose>
            </foreach>
          </trim>
        </if>
      </foreach>
    </where>
  </sql>
  <sql id="Update_By_Example_Where_Clause">
    <!--
      WARNING - @mbggenerated
      This element is automatically generated by MyBatis Generator, do not modify.
    -->
    <where>
      <foreach collection="example.oredCriteria" item="criteria" separator="or">
        <if test="criteria.valid">
          <trim prefix="(" prefixOverrides="and" suffix=")">
            <foreach collection="criteria.criteria" item="criterion">
              <choose>
                <when test="criterion.noValue">
                  and ${criterion.condition}
                </when>
                <when test="criterion.singleValue">
                  and ${criterion.condition} #{criterion.value}
                </when>
                <when test="criterion.betweenValue">
                  and ${criterion.condition} #{criterion.value} and #{criterion.secondValue}
                </when>
                <when test="criterion.listValue">
                  and ${criterion.condition}
                  <foreach close=")" collection="criterion.value" item="listItem" open="(" separator=",">
                    #{listItem}
                  </foreach>
                </when>
              </choose>
            </foreach>
          </trim>
        </if>
      </foreach>
    </where>
  </sql>
  <sql id="Base_Column_List">
    <!--
      WARNING - @mbggenerated
      This element is automatically generated by MyBatis Generator, do not modify.
    -->
    ID, Style, Name, SalesCouponID, CheckPersonID, CheckPostTime, CheckStatus, CreateTime, 
    CreateBy, UpdateTime, UpdateBy,ShopId,SecondsCheckPostTime,SecondsCheckPersonID
  </sql>
  <sql id="Blob_Column_List">
    <!--
      WARNING - @mbggenerated
      This element is automatically generated by MyBatis Generator, do not modify.
    -->
    RejectReason
  </sql>
  <select id="selectByExampleWithBLOBs" parameterType="com.lenovo.m2.couponV2.dao.mybatis.model.CouponchecksExample" resultMap="ResultMapWithBLOBs">
    <!--
      WARNING - @mbggenerated
      This element is automatically generated by MyBatis Generator, do not modify.
    -->
    select
    <if test="distinct">
      distinct
    </if>
    <include refid="Base_Column_List" />
    ,
    <include refid="Blob_Column_List" />
    from couponchecks
    <if test="_parameter != null">
      <include refid="Example_Where_Clause" />
    </if>
    <if test="orderByClause != null">
      order by $orderByClause$
    </if>
  </select>
  <select id="selectByExample" parameterType="com.lenovo.m2.couponV2.dao.mybatis.model.CouponchecksExample" resultMap="BaseResultMap">
    <!--
      WARNING - @mbggenerated
      This element is automatically generated by MyBatis Generator, do not modify.
    -->
    select
    <if test="distinct">
      distinct
    </if>
    <include refid="Base_Column_List" />
    from couponchecks
    <if test="_parameter != null">
      <include refid="Example_Where_Clause" />
    </if>
    <if test="orderByClause != null">
      order by ${orderByClause}
    </if>
  </select>
  <select id="selectByPrimaryKey" parameterType="java.lang.Long" resultMap="ResultMapWithBLOBs">
    <!--
      WARNING - @mbggenerated
      This element is automatically generated by MyBatis Generator, do not modify.
    -->
    select 
    <include refid="Base_Column_List" />
    ,
    <include refid="Blob_Column_List" />
    from couponchecks
    where ID = #{id,jdbcType=BIGINT}
  </select>
  <delete id="deleteByPrimaryKey" parameterType="java.lang.Long">
    <!--
      WARNING - @mbggenerated
      This element is automatically generated by MyBatis Generator, do not modify.
    -->
    delete from couponchecks
    where ID = #{id,jdbcType=BIGINT}
  </delete>
  <delete id="deleteByExample" parameterType="com.lenovo.m2.couponV2.dao.mybatis.model.CouponchecksExample">
    <!--
      WARNING - @mbggenerated
      This element is automatically generated by MyBatis Generator, do not modify.
    -->
    delete from couponchecks
    <if test="_parameter != null">
      <include refid="Example_Where_Clause" />
    </if>
  </delete>
  <insert id="insert" parameterType="com.lenovo.m2.couponV2.dao.mybatis.model.Couponchecks">
    <!--
      WARNING - @mbggenerated
      This element is automatically generated by MyBatis Generator, do not modify.
    -->
    insert into couponchecks (ID, Style, Name, 
      SalesCouponID, CheckPersonID, CheckPostTime, 
      CheckStatus, CreateTime, CreateBy, 
      UpdateTime, UpdateBy, RejectReason
      )
    values (#{id,jdbcType=BIGINT}, #{style,jdbcType=INTEGER}, #{name,jdbcType=VARCHAR}, 
      #{salescouponid,jdbcType=BIGINT}, #{checkpersonid,jdbcType=VARCHAR}, #{checkposttime,jdbcType=TIMESTAMP}, 
      #{checkstatus,jdbcType=INTEGER}, #{createtime,jdbcType=TIMESTAMP}, #{createby,jdbcType=VARCHAR}, 
      #{updatetime,jdbcType=TIMESTAMP}, #{updateby,jdbcType=VARCHAR}, #{rejectreason,jdbcType=LONGVARCHAR}
      )
  </insert>
  <insert id="insertSelective" parameterType="com.lenovo.m2.couponV2.dao.mybatis.model.Couponchecks">
    <!--
      WARNING - @mbggenerated
      This element is automatically generated by MyBatis Generator, do not modify.
    -->
    insert into couponchecks
    <trim prefix="(" suffix=")" suffixOverrides=",">
      <if test="id != null">
        ID,
      </if>
      <if test="style != null">
        Style,
      </if>
      <if test="name != null">
        Name,
      </if>
      <if test="salescouponid != null">
        SalesCouponID,
      </if>
      <if test="checkpersonid != null">
        CheckPersonID,
      </if>
      <if test="checkposttime != null">
        CheckPostTime,
      </if>
      <if test="checkstatus != null">
        CheckStatus,
      </if>
      <if test="createtime != null">
        CreateTime,
      </if>
      <if test="createby != null">
        CreateBy,
      </if>
      <if test="updatetime != null">
        UpdateTime,
      </if>
      <if test="updateby != null">
        UpdateBy,
      </if>
      <if test="rejectreason != null">
        RejectReason,
      </if>
    </trim>
    <trim prefix="values (" suffix=")" suffixOverrides=",">
      <if test="id != null">
        #{id,jdbcType=BIGINT},
      </if>
      <if test="style != null">
        #{style,jdbcType=INTEGER},
      </if>
      <if test="name != null">
        #{name,jdbcType=VARCHAR},
      </if>
      <if test="salescouponid != null">
        #{salescouponid,jdbcType=BIGINT},
      </if>
      <if test="checkpersonid != null">
        #{checkpersonid,jdbcType=VARCHAR},
      </if>
      <if test="checkposttime != null">
        #{checkposttime,jdbcType=TIMESTAMP},
      </if>
      <if test="checkstatus != null">
        #{checkstatus,jdbcType=INTEGER},
      </if>
      <if test="createtime != null">
        #{createtime,jdbcType=TIMESTAMP},
      </if>
      <if test="createby != null">
        #{createby,jdbcType=VARCHAR},
      </if>
      <if test="updatetime != null">
        #{updatetime,jdbcType=TIMESTAMP},
      </if>
      <if test="updateby != null">
        #{updateby,jdbcType=VARCHAR},
      </if>
      <if test="rejectreason != null">
        #{rejectreason,jdbcType=LONGVARCHAR},
      </if>
    </trim>
  </insert>
  <select id="countByExample" parameterType="com.lenovo.m2.couponV2.dao.mybatis.model.CouponchecksExample" resultType="java.lang.Integer">
    <!--
      WARNING - @mbggenerated
      This element is automatically generated by MyBatis Generator, do not modify.
    -->
    select count(*) from couponchecks
    <if test="_parameter != null">
      <include refid="Example_Where_Clause" />
    </if>
  </select>
  <update id="updateByExampleSelective" parameterType="map">
    <!--
      WARNING - @mbggenerated
      This element is automatically generated by MyBatis Generator, do not modify.
    -->
    update couponchecks
    <set>
      <if test="record.id != null">
        ID = #{record.id,jdbcType=BIGINT},
      </if>
      <if test="record.style != null">
        Style = #{record.style,jdbcType=INTEGER},
      </if>
      <if test="record.name != null">
        Name = #{record.name,jdbcType=VARCHAR},
      </if>
      <if test="record.salescouponid != null">
        SalesCouponID = #{record.salescouponid,jdbcType=BIGINT},
      </if>
      <if test="record.checkpersonid != null">
        CheckPersonID = #{record.checkpersonid,jdbcType=VARCHAR},
      </if>
      <if test="record.checkposttime != null">
        CheckPostTime = #{record.checkposttime,jdbcType=TIMESTAMP},
      </if>
      <if test="record.checkstatus != null">
        CheckStatus = #{record.checkstatus,jdbcType=INTEGER},
      </if>
      <if test="record.createtime != null">
        CreateTime = #{record.createtime,jdbcType=TIMESTAMP},
      </if>
      <if test="record.createby != null">
        CreateBy = #{record.createby,jdbcType=VARCHAR},
      </if>
      <if test="record.updatetime != null">
        UpdateTime = #{record.updatetime,jdbcType=TIMESTAMP},
      </if>
      <if test="record.updateby != null">
        UpdateBy = #{record.updateby,jdbcType=VARCHAR},
      </if>
      <if test="record.rejectreason != null">
        RejectReason = #{record.rejectreason,jdbcType=LONGVARCHAR},
      </if>
    </set>
    <if test="_parameter != null">
      <include refid="Update_By_Example_Where_Clause" />
    </if>
  </update>
  <update id="updateByExampleWithBLOBs" parameterType="map">
    <!--
      WARNING - @mbggenerated
      This element is automatically generated by MyBatis Generator, do not modify.
    -->
    update couponchecks
    set ID = #{record.id,jdbcType=BIGINT},
      Style = #{record.style,jdbcType=INTEGER},
      Name = #{record.name,jdbcType=VARCHAR},
      SalesCouponID = #{record.salescouponid,jdbcType=BIGINT},
      CheckPersonID = #{record.checkpersonid,jdbcType=VARCHAR},
      CheckPostTime = #{record.checkposttime,jdbcType=TIMESTAMP},
      CheckStatus = #{record.checkstatus,jdbcType=INTEGER},
      CreateTime = #{record.createtime,jdbcType=TIMESTAMP},
      CreateBy = #{record.createby,jdbcType=VARCHAR},
      UpdateTime = #{record.updatetime,jdbcType=TIMESTAMP},
      UpdateBy = #{record.updateby,jdbcType=VARCHAR},
      RejectReason = #{record.rejectreason,jdbcType=LONGVARCHAR}
    <if test="_parameter != null">
      <include refid="Update_By_Example_Where_Clause" />
    </if>
  </update>
  <update id="updateByExample" parameterType="map">
    <!--
      WARNING - @mbggenerated
      This element is automatically generated by MyBatis Generator, do not modify.
    -->
    update couponchecks
    set ID = #{record.id,jdbcType=BIGINT},
      Style = #{record.style,jdbcType=INTEGER},
      Name = #{record.name,jdbcType=VARCHAR},
      SalesCouponID = #{record.salescouponid,jdbcType=BIGINT},
      CheckPersonID = #{record.checkpersonid,jdbcType=VARCHAR},
      CheckPostTime = #{record.checkposttime,jdbcType=TIMESTAMP},
      CheckStatus = #{record.checkstatus,jdbcType=INTEGER},
      CreateTime = #{record.createtime,jdbcType=TIMESTAMP},
      CreateBy = #{record.createby,jdbcType=VARCHAR},
      UpdateTime = #{record.updatetime,jdbcType=TIMESTAMP},
      UpdateBy = #{record.updateby,jdbcType=VARCHAR}
    <if test="_parameter != null">
      <include refid="Update_By_Example_Where_Clause" />
    </if>
  </update>


  <!--单个审核-->
  <update id="updateByPrimaryKeySelective" parameterType="com.lenovo.m2.couponV2.dao.mybatis.model.Couponchecks">
    <!--
      WARNING - @mbggenerated
      This element is automatically generated by MyBatis Generator, do not modify.
    -->
    update couponchecks
    <set>
      <if test="style != null">
        Style = #{style,jdbcType=INTEGER},
      </if>
      <if test="name != null">
        Name = #{name,jdbcType=VARCHAR},
      </if>
      <if test="salescouponid != null">
        SalesCouponID = #{salescouponid,jdbcType=BIGINT},
      </if>
      <if test="checkpersonid != null">
        CheckPersonID = #{checkpersonid,jdbcType=VARCHAR},
      </if>
      <if test="secondsCheckPersonID != null">
        SecondsCheckPersonID = #{secondsCheckPersonID,jdbcType=VARCHAR},
      </if>
      <if test="checkposttime != null">
        CheckPostTime = #{checkposttime,jdbcType=TIMESTAMP},
      </if>
      <if test="secondsCheckPostTime != null">
        SecondsCheckPostTime = #{secondsCheckPostTime,jdbcType=TIMESTAMP},
      </if>
      <if test="checkstatus != null">
        CheckStatus = #{checkstatus,jdbcType=INTEGER},
      </if>
      <if test="createtime != null">
        CreateTime = #{createtime,jdbcType=TIMESTAMP},
      </if>
      <if test="createby != null">
        CreateBy = #{createby,jdbcType=VARCHAR},
      </if>
      <if test="updatetime != null">
        UpdateTime = #{updatetime,jdbcType=TIMESTAMP},
      </if>
      <if test="updateby != null">
        UpdateBy = #{updateby,jdbcType=VARCHAR},
      </if>
      <if test="rejectreason != null">
        RejectReason = #{rejectreason,jdbcType=LONGVARCHAR},
      </if>
    </set>
    where ID = #{id,jdbcType=BIGINT}
  </update>
  <update id="updateByPrimaryKeyWithBLOBs" parameterType="com.lenovo.m2.couponV2.dao.mybatis.model.Couponchecks">
    <!--
      WARNING - @mbggenerated
      This element is automatically generated by MyBatis Generator, do not modify.
    -->
    update couponchecks
    set Style = #{style,jdbcType=INTEGER},
      Name = #{name,jdbcType=VARCHAR},
      SalesCouponID = #{salescouponid,jdbcType=BIGINT},
      CheckPersonID = #{checkpersonid,jdbcType=VARCHAR},
      CheckPostTime = #{checkposttime,jdbcType=TIMESTAMP},
      CheckStatus = #{checkstatus,jdbcType=INTEGER},
      CreateTime = #{createtime,jdbcType=TIMESTAMP},
      CreateBy = #{createby,jdbcType=VARCHAR},
      UpdateTime = #{updatetime,jdbcType=TIMESTAMP},
      UpdateBy = #{updateby,jdbcType=VARCHAR},
      RejectReason = #{rejectreason,jdbcType=LONGVARCHAR}
    where ID = #{id,jdbcType=BIGINT}
  </update>
  <update id="updateByPrimaryKey" parameterType="com.lenovo.m2.couponV2.dao.mybatis.model.Couponchecks">
    <!--
      WARNING - @mbggenerated
      This element is automatically generated by MyBatis Generator, do not modify.
    -->
    update couponchecks
    set Style = #{style,jdbcType=INTEGER},
      Name = #{name,jdbcType=VARCHAR},
      SalesCouponID = #{salescouponid,jdbcType=BIGINT},
      CheckPersonID = #{checkpersonid,jdbcType=VARCHAR},
      CheckPostTime = #{checkposttime,jdbcType=TIMESTAMP},
      CheckStatus = #{checkstatus,jdbcType=INTEGER},
      CreateTime = #{createtime,jdbcType=TIMESTAMP},
      CreateBy = #{createby,jdbcType=VARCHAR},
      UpdateTime = #{updatetime,jdbcType=TIMESTAMP},
      UpdateBy = #{updateby,jdbcType=VARCHAR}
    where ID = #{id,jdbcType=BIGINT}
  </update>
  <!-- 分页查询 -->
  <select flushCache="false" id="getCouponchecksInfoPage" parameterType="map" resultMap="BaseResultMap" useCache="true">
    SELECT
    <include refid="Base_Column_List" />
    ,
    <include refid="Blob_Column_List"/>
    FROM couponchecks t
    <if test="_parameter !=null">
      <where>
        <if test="style != null and style!='' ">
          and t.Style = #{style}
        </if>
        <if test="name != null and name!='' ">
          and t.Name  like CONCAT(CONCAT('%',#{name},'%'))
        </if>
        <if test="salescouponid!=null and salescouponid!=''">
          and t.SalesCouponID = #{salescouponid}
        </if>
        <if test="checkpersonid!=null and checkpersonid!=''">
          and t.CheckPersonID = #{checkpersonid}
        </if>
        <if test="checkposttime!=null and checkposttime!=''">
          and t.CheckPostTime = #{checkposttime}
        </if>
        <if test="checkstatus!=null and checkstatus!=''">
          and t.CheckStatus = #{checkstatus}
        </if>
        <if test="createtime_start!=null and createtime_start!=''">
          and DATE_FORMAT(CreateTime,'%Y-%m-%d') &gt;= #{createtime_start}
        </if>
        <if test="createtime_end!=null and createtime_end!=''">
          and DATE_FORMAT(CreateTime,'%Y-%m-%d') &lt;= #{createtime_end}
        </if>
        <if test="shopids!=null and shopids!=''">
          and t.ShopId IN
          <foreach close=")" collection="shopids" item="listItem" open="(" separator=",">
            #{listItem}
          </foreach>
        </if>
      </where>
    </if>
    order by CreateTime desc limit #{pageindex},#{pagesize}
  </select>

  <!-- 批量更新 -->
  <update id="updateCouponchecksBatch" parameterType="java.util.List">
    <foreach collection="list" item="item" index="index" open="" close="" separator=";">
      UPDATE couponchecks
      <set>
        CheckPersonID = #{item.checkpersonid},CheckPostTime = now(),UpdateTime=now(),
        CheckStatus = #{item.checkstatus},RejectReason=#{item.rejectreason}, UpdateBy = #{item.updateby},
       SecondsCheckPersonID = #{item.secondsCheckPersonID},SecondsCheckPostTime = #{item.secondsCheckPostTime}
      </set>
      where id = #{item.id}
    </foreach>
  </update>
  <!-- 批量插入 -->

  <!-- 二次批量更新 -->
  <update id="updateCouponSecondchecksBatch" parameterType="java.util.List">
    <foreach collection="list" item="item" index="index" open="" close="" separator=";">
      UPDATE couponchecks
      <set>
        UpdateTime=now(),
        CheckStatus = #{item.checkstatus},RejectReason=#{item.rejectreason},
        SecondsCheckPersonID = #{item.secondsCheckPersonID},SecondsCheckPostTime = now()
      </set>
      where id = #{item.id}
    </foreach>
  </update>
  <!-- 批量插入 -->
  <insert id="insertCouponchecksBatch" parameterType="java.util.List">
    INSERT INTO couponchecks (name,style,SalesCouponID,CheckStatus,CreateTime,CreateBy,UpdateTime,ShopId)
    VALUES
    <foreach collection="list" item="item" index="index" separator="," >
      (#{item.name},#{item.style},#{item.salescouponid},#{item.checkstatus},now(),#{item.createby},now(),#{item.shopid})
    </foreach>
  </insert>
</mapper>