<?xml version="1.0" encoding="UTF-8"?>
<!DOCTYPE mapper PUBLIC "-//mybatis.org//DTD Mapper 3.0//EN" "http://mybatis.org/dtd/mybatis-3-mapper.dtd">
<mapper namespace="com.lenovo.m2.couponV2.dao.mybatis.mapper.DetailsruleMapper">
  <resultMap id="BaseResultMap" type="com.lenovo.m2.couponV2.dao.mybatis.model.Detailsrule">
    <!--
      WARNING - @mbggenerated
      This element is automatically generated by MyBatis Generator, do not modify.
    -->
    <id column="ID" jdbcType="BIGINT" property="id" />
    <result column="Style" jdbcType="INTEGER" property="style" />
    <result column="SalesCouponID" jdbcType="BIGINT" property="salescouponid" />
    <result column="GoodsCategoryID" jdbcType="VARCHAR" property="goodscategoryid" />
    <result column="CreateTime" jdbcType="TIMESTAMP" property="createtime" />
    <result column="CreateBy" jdbcType="VARCHAR" property="createby" />
    <result column="UpdateTime" jdbcType="TIMESTAMP" property="updatetime" />
    <result column="UpdateBy" jdbcType="VARCHAR" property="updateby" />
  </resultMap>
  <resultMap extends="BaseResultMap" id="ResultMapWithBLOBs" type="com.lenovo.m2.couponV2.dao.mybatis.model.Detailsrule">
    <!--
      WARNING - @mbggenerated
      This element is automatically generated by MyBatis Generator, do not modify.
    -->
    <result column="NojoinCodes" jdbcType="LONGVARCHAR" property="nojoincodes" />
  </resultMap>
  <sql id="Example_Where_Clause">
    <!--
      WARNING - @mbggenerated
      This element is automatically generated by MyBatis Generator, do not modify.
    -->
    <where>
      <foreach collection="oredCriteria" item="criteria" separator="or">
        <if test="criteria.valid">
          <trim prefix="(" prefixOverrides="and" suffix=")">
            <foreach collection="criteria.criteria" item="criterion">
              <choose>
                <when test="criterion.noValue">
                  and ${criterion.condition}
                </when>
                <when test="criterion.singleValue">
                  and ${criterion.condition} #{criterion.value}
                </when>
                <when test="criterion.betweenValue">
                  and ${criterion.condition} #{criterion.value} and #{criterion.secondValue}
                </when>
                <when test="criterion.listValue">
                  and ${criterion.condition}
                  <foreach close=")" collection="criterion.value" item="listItem" open="(" separator=",">
                    #{listItem}
                  </foreach>
                </when>
              </choose>
            </foreach>
          </trim>
        </if>
      </foreach>
    </where>
  </sql>
  <sql id="Update_By_Example_Where_Clause">
    <!--
      WARNING - @mbggenerated
      This element is automatically generated by MyBatis Generator, do not modify.
    -->
    <where>
      <foreach collection="example.oredCriteria" item="criteria" separator="or">
        <if test="criteria.valid">
          <trim prefix="(" prefixOverrides="and" suffix=")">
            <foreach collection="criteria.criteria" item="criterion">
              <choose>
                <when test="criterion.noValue">
                  and ${criterion.condition}
                </when>
                <when test="criterion.singleValue">
                  and ${criterion.condition} #{criterion.value}
                </when>
                <when test="criterion.betweenValue">
                  and ${criterion.condition} #{criterion.value} and #{criterion.secondValue}
                </when>
                <when test="criterion.listValue">
                  and ${criterion.condition}
                  <foreach close=")" collection="criterion.value" item="listItem" open="(" separator=",">
                    #{listItem}
                  </foreach>
                </when>
              </choose>
            </foreach>
          </trim>
        </if>
      </foreach>
    </where>
  </sql>
  <sql id="Base_Column_List">
    <!--
      WARNING - @mbggenerated
      This element is automatically generated by MyBatis Generator, do not modify.
    -->
    ID, Style, SalesCouponID, GoodsCategoryID, CreateTime, CreateBy, UpdateTime, UpdateBy
  </sql>
  <sql id="Blob_Column_List">
    <!--
      WARNING - @mbggenerated
      This element is automatically generated by MyBatis Generator, do not modify.
    -->
    NojoinCodes
  </sql>
  <select id="selectByExampleWithBLOBs" parameterType="com.lenovo.m2.couponV2.dao.mybatis.model.DetailsruleExample" resultMap="ResultMapWithBLOBs">
    <!--
      WARNING - @mbggenerated
      This element is automatically generated by MyBatis Generator, do not modify.
    -->
    select
    <if test="distinct">
      distinct
    </if>
    <include refid="Base_Column_List" />
    ,
    <include refid="Blob_Column_List" />
    from detailsrule
    <if test="_parameter != null">
      <include refid="Example_Where_Clause" />
    </if>
    <if test="orderByClause != null">
      order by $orderByClause$
    </if>
  </select>
  <select id="selectByExample" parameterType="com.lenovo.m2.couponV2.dao.mybatis.model.DetailsruleExample" resultMap="BaseResultMap">
    <!--
      WARNING - @mbggenerated
      This element is automatically generated by MyBatis Generator, do not modify.
    -->
    select
    <if test="distinct">
      distinct
    </if>
    <include refid="Base_Column_List" />
    from detailsrule
    <if test="_parameter != null">
      <include refid="Example_Where_Clause" />
    </if>
    <if test="orderByClause != null">
      order by ${orderByClause}
    </if>
  </select>
  <select id="selectByPrimaryKey" parameterType="java.lang.Long" resultMap="ResultMapWithBLOBs">
    <!--
      WARNING - @mbggenerated
      This element is automatically generated by MyBatis Generator, do not modify.
    -->
    select 
    <include refid="Base_Column_List" />
    ,
    <include refid="Blob_Column_List" />
    from detailsrule
    where ID = #{id,jdbcType=BIGINT}
  </select>
  <delete id="deleteByPrimaryKey" parameterType="java.lang.Long">
    <!--
      WARNING - @mbggenerated
      This element is automatically generated by MyBatis Generator, do not modify.
    -->
    delete from detailsrule
    where ID = #{id,jdbcType=BIGINT}
  </delete>
  <delete id="deleteByExample" parameterType="com.lenovo.m2.couponV2.dao.mybatis.model.DetailsruleExample">
    <!--
      WARNING - @mbggenerated
      This element is automatically generated by MyBatis Generator, do not modify.
    -->
    delete from detailsrule
    <if test="_parameter != null">
      <include refid="Example_Where_Clause" />
    </if>
  </delete>
  <insert id="insert" parameterType="com.lenovo.m2.couponV2.dao.mybatis.model.Detailsrule">
    <!--
      WARNING - @mbggenerated
      This element is automatically generated by MyBatis Generator, do not modify.
    -->
    insert into detailsrule (ID, Style, SalesCouponID, 
      GoodsCategoryID, CreateTime, CreateBy, 
      UpdateTime, UpdateBy, NojoinCodes
      )
    values (#{id,jdbcType=BIGINT}, #{style,jdbcType=INTEGER}, #{salescouponid,jdbcType=BIGINT}, 
      #{goodscategoryid,jdbcType=VARCHAR}, #{createtime,jdbcType=TIMESTAMP}, #{createby,jdbcType=VARCHAR}, 
      #{updatetime,jdbcType=TIMESTAMP}, #{updateby,jdbcType=VARCHAR}, #{nojoincodes,jdbcType=LONGVARCHAR}
      )
  </insert>
  <insert id="insertSelective" parameterType="com.lenovo.m2.couponV2.dao.mybatis.model.Detailsrule">
    <!--
      WARNING - @mbggenerated
      This element is automatically generated by MyBatis Generator, do not modify.
    -->
    insert into detailsrule
    <trim prefix="(" suffix=")" suffixOverrides=",">
      <if test="id != null">
        ID,
      </if>
      <if test="style != null">
        Style,
      </if>
      <if test="salescouponid != null">
        SalesCouponID,
      </if>
      <if test="goodscategoryid != null">
        GoodsCategoryID,
      </if>
      <if test="createtime != null">
        CreateTime,
      </if>
      <if test="createby != null">
        CreateBy,
      </if>
      <if test="updatetime != null">
        UpdateTime,
      </if>
      <if test="updateby != null">
        UpdateBy,
      </if>
      <if test="nojoincodes != null">
        NojoinCodes,
      </if>
    </trim>
    <trim prefix="values (" suffix=")" suffixOverrides=",">
      <if test="id != null">
        #{id,jdbcType=BIGINT},
      </if>
      <if test="style != null">
        #{style,jdbcType=INTEGER},
      </if>
      <if test="salescouponid != null">
        #{salescouponid,jdbcType=BIGINT},
      </if>
      <if test="goodscategoryid != null">
        #{goodscategoryid,jdbcType=VARCHAR},
      </if>
      <if test="createtime != null">
        #{createtime,jdbcType=TIMESTAMP},
      </if>
      <if test="createby != null">
        #{createby,jdbcType=VARCHAR},
      </if>
      <if test="updatetime != null">
        #{updatetime,jdbcType=TIMESTAMP},
      </if>
      <if test="updateby != null">
        #{updateby,jdbcType=VARCHAR},
      </if>
      <if test="nojoincodes != null">
        #{nojoincodes,jdbcType=LONGVARCHAR},
      </if>
    </trim>
  </insert>
  <select id="countByExample" parameterType="com.lenovo.m2.couponV2.dao.mybatis.model.DetailsruleExample" resultType="java.lang.Integer">
    <!--
      WARNING - @mbggenerated
      This element is automatically generated by MyBatis Generator, do not modify.
    -->
    select count(*) from detailsrule
    <if test="_parameter != null">
      <include refid="Example_Where_Clause" />
    </if>
  </select>
  <update id="updateByExampleSelective" parameterType="map">
    <!--
      WARNING - @mbggenerated
      This element is automatically generated by MyBatis Generator, do not modify.
    -->
    update detailsrule
    <set>
      <if test="record.id != null">
        ID = #{record.id,jdbcType=BIGINT},
      </if>
      <if test="record.style != null">
        Style = #{record.style,jdbcType=INTEGER},
      </if>
      <if test="record.salescouponid != null">
        SalesCouponID = #{record.salescouponid,jdbcType=BIGINT},
      </if>
      <if test="record.goodscategoryid != null">
        GoodsCategoryID = #{record.goodscategoryid,jdbcType=VARCHAR},
      </if>
      <if test="record.createtime != null">
        CreateTime = #{record.createtime,jdbcType=TIMESTAMP},
      </if>
      <if test="record.createby != null">
        CreateBy = #{record.createby,jdbcType=VARCHAR},
      </if>
      <if test="record.updatetime != null">
        UpdateTime = #{record.updatetime,jdbcType=TIMESTAMP},
      </if>
      <if test="record.updateby != null">
        UpdateBy = #{record.updateby,jdbcType=VARCHAR},
      </if>
      <if test="record.nojoincodes != null">
        NojoinCodes = #{record.nojoincodes,jdbcType=LONGVARCHAR},
      </if>
    </set>
    <if test="_parameter != null">
      <include refid="Update_By_Example_Where_Clause" />
    </if>
  </update>
  <update id="updateByExampleWithBLOBs" parameterType="map">
    <!--
      WARNING - @mbggenerated
      This element is automatically generated by MyBatis Generator, do not modify.
    -->
    update detailsrule
    set ID = #{record.id,jdbcType=BIGINT},
      Style = #{record.style,jdbcType=INTEGER},
      SalesCouponID = #{record.salescouponid,jdbcType=BIGINT},
      GoodsCategoryID = #{record.goodscategoryid,jdbcType=VARCHAR},
      CreateTime = #{record.createtime,jdbcType=TIMESTAMP},
      CreateBy = #{record.createby,jdbcType=VARCHAR},
      UpdateTime = #{record.updatetime,jdbcType=TIMESTAMP},
      UpdateBy = #{record.updateby,jdbcType=VARCHAR},
      NojoinCodes = #{record.nojoincodes,jdbcType=LONGVARCHAR}
    <if test="_parameter != null">
      <include refid="Update_By_Example_Where_Clause" />
    </if>
  </update>
  <update id="updateByExample" parameterType="map">
    <!--
      WARNING - @mbggenerated
      This element is automatically generated by MyBatis Generator, do not modify.
    -->
    update detailsrule
    set ID = #{record.id,jdbcType=BIGINT},
      Style = #{record.style,jdbcType=INTEGER},
      SalesCouponID = #{record.salescouponid,jdbcType=BIGINT},
      GoodsCategoryID = #{record.goodscategoryid,jdbcType=VARCHAR},
      CreateTime = #{record.createtime,jdbcType=TIMESTAMP},
      CreateBy = #{record.createby,jdbcType=VARCHAR},
      UpdateTime = #{record.updatetime,jdbcType=TIMESTAMP},
      UpdateBy = #{record.updateby,jdbcType=VARCHAR}
    <if test="_parameter != null">
      <include refid="Update_By_Example_Where_Clause" />
    </if>
  </update>
  <update id="updateByPrimaryKeySelective" parameterType="com.lenovo.m2.couponV2.dao.mybatis.model.Detailsrule">
    <!--
      WARNING - @mbggenerated
      This element is automatically generated by MyBatis Generator, do not modify.
    -->
    update detailsrule
    <set>
      <if test="style != null">
        Style = #{style,jdbcType=INTEGER},
      </if>
      <if test="salescouponid != null">
        SalesCouponID = #{salescouponid,jdbcType=BIGINT},
      </if>
      <if test="goodscategoryid != null">
        GoodsCategoryID = #{goodscategoryid,jdbcType=VARCHAR},
      </if>
      <if test="createtime != null">
        CreateTime = #{createtime,jdbcType=TIMESTAMP},
      </if>
      <if test="createby != null">
        CreateBy = #{createby,jdbcType=VARCHAR},
      </if>
      <if test="updatetime != null">
        UpdateTime = #{updatetime,jdbcType=TIMESTAMP},
      </if>
      <if test="updateby != null">
        UpdateBy = #{updateby,jdbcType=VARCHAR},
      </if>
      <if test="nojoincodes != null">
        NojoinCodes = #{nojoincodes,jdbcType=LONGVARCHAR},
      </if>
    </set>
    where ID = #{id,jdbcType=BIGINT}
  </update>
  <update id="updateByPrimaryKeyWithBLOBs" parameterType="com.lenovo.m2.couponV2.dao.mybatis.model.Detailsrule">
    <!--
      WARNING - @mbggenerated
      This element is automatically generated by MyBatis Generator, do not modify.
    -->
    update detailsrule
    set Style = #{style,jdbcType=INTEGER},
      SalesCouponID = #{salescouponid,jdbcType=BIGINT},
      GoodsCategoryID = #{goodscategoryid,jdbcType=VARCHAR},
      CreateTime = #{createtime,jdbcType=TIMESTAMP},
      CreateBy = #{createby,jdbcType=VARCHAR},
      UpdateTime = #{updatetime,jdbcType=TIMESTAMP},
      UpdateBy = #{updateby,jdbcType=VARCHAR},
      NojoinCodes = #{nojoincodes,jdbcType=LONGVARCHAR}
    where ID = #{id,jdbcType=BIGINT}
  </update>
  <update id="updateByPrimaryKey" parameterType="com.lenovo.m2.couponV2.dao.mybatis.model.Detailsrule">
    <!--
      WARNING - @mbggenerated
      This element is automatically generated by MyBatis Generator, do not modify.
    -->
    update detailsrule
    set Style = #{style,jdbcType=INTEGER},
      SalesCouponID = #{salescouponid,jdbcType=BIGINT},
      GoodsCategoryID = #{goodscategoryid,jdbcType=VARCHAR},
      CreateTime = #{createtime,jdbcType=TIMESTAMP},
      CreateBy = #{createby,jdbcType=VARCHAR},
      UpdateTime = #{updatetime,jdbcType=TIMESTAMP},
      UpdateBy = #{updateby,jdbcType=VARCHAR}
    where ID = #{id,jdbcType=BIGINT}
  </update>

    <insert id="insertBatchDetailsrule" parameterType="java.util.List">
        insert into detailsrule (ID, Style, SalesCouponID,
        GoodsCategoryID, CreateTime, CreateBy,
        UpdateTime, UpdateBy, NojoinCodes
        )
        values
        <foreach collection="list" item="item" index="index" separator="," >
            (#{item.id}, #{item.style}, #{item.salescouponid},
            #{item.goodscategoryid}, #{item.createtime}, #{item.createby},
            #{item.updatetime}, #{item.updateby}, #{item.nojoincodes})
        </foreach>
    </insert>


    <!-- 根据主键ids查询 -->
    <select id="getBatchBySalescouponids" parameterType="map" resultMap="ResultMapWithBLOBs">
        select
        <include refid="Base_Column_List"/>
        ,
        <include refid="Blob_Column_List" />
        from detailsrule
        where SalesCouponID IN
        <foreach close=")" collection="ids" item="listItem" open="(" separator=",">
            #{listItem}
        </foreach>
    </select>

  <!-- 根据优惠券Id,分类号获取排除的商品Code -->
  <select id="getBatchByCategorycodeId" parameterType="map" resultMap="ResultMapWithBLOBs">
    select
    <include refid="Base_Column_List"/>
    ,
    <include refid="Blob_Column_List" />
    from detailsrule
    where SalesCouponID = #{ids}
    AND  GoodsCategoryID=#{categorycodeId}
  </select>

</mapper>