<?xml version="1.0" encoding="UTF-8"?>
<!DOCTYPE mapper PUBLIC "-//mybatis.org//DTD Mapper 3.0//EN" "http://mybatis.org/dtd/mybatis-3-mapper.dtd">
<mapper namespace="com.lenovo.m2.couponV2.dao.mybatis.mapper.DistributorruleMapper">
    <resultMap id="BaseResultMap" type="com.lenovo.m2.couponV2.dao.mybatis.model.Distributorrule">

        <id column="ID" jdbcType="BIGINT" property="id" />
        <result column="Style" jdbcType="INTEGER" property="style" />
        <result column="SalesCouponID" jdbcType="BIGINT" property="salescouponid" />
        <result column="ProductGroupID" jdbcType="VARCHAR" property="productgroupid" />
        <result column="CreateTime" jdbcType="TIMESTAMP" property="createtime" />
        <result column="CreateBy" jdbcType="VARCHAR" property="createby" />
        <result column="UpdateTime" jdbcType="TIMESTAMP" property="updatetime" />
        <result column="UpdateBy" jdbcType="VARCHAR" property="updateby" />
        <result column="FaCode" jdbcType="VARCHAR" property="facode" />
    </resultMap>
    <resultMap extends="BaseResultMap" id="ResultMapWithBLOBs" type="com.lenovo.m2.couponV2.dao.mybatis.model.Distributorrule">
        <!--
          WARNING - @mbggenerated
          This element is automatically generated by MyBatis Generator, do not modify.
        -->
        <result column="NojoinCodes" jdbcType="LONGVARCHAR" property="nojoincodes" />
    </resultMap>

    <sql id="Example_Where_Clause">
        <!--
          WARNING - @mbggenerated
          This element is automatically generated by MyBatis Generator, do not modify.
        -->
        <where>
            <foreach collection="oredCriteria" item="criteria" separator="or">
                <if test="criteria.valid">
                    <trim prefix="(" prefixOverrides="and" suffix=")">
                        <foreach collection="criteria.criteria" item="criterion">
                            <choose>
                                <when test="criterion.noValue">
                                    and ${criterion.condition}
                                </when>
                                <when test="criterion.singleValue">
                                    and ${criterion.condition} #{criterion.value}
                                </when>
                                <when test="criterion.betweenValue">
                                    and ${criterion.condition} #{criterion.value} and #{criterion.secondValue}
                                </when>
                                <when test="criterion.listValue">
                                    and ${criterion.condition}
                                    <foreach close=")" collection="criterion.value" item="listItem" open="(" separator=",">
                                        #{listItem}
                                    </foreach>
                                </when>
                            </choose>
                        </foreach>
                    </trim>
                </if>
            </foreach>
        </where>
    </sql>

    <sql id="Base_Column_List">
        <!--
          WARNING - @mbggenerated
          This element is automatically generated by MyBatis Generator, do not modify.
        -->
        ID, Style, SalesCouponID, ProductGroupID, FaCode, CreateTime, CreateBy, UpdateTime, UpdateBy,ProductGroupNo
    </sql>
    <sql id="Blob_Column_List">
        <!--
          WARNING - @mbggenerated
          This element is automatically generated by MyBatis Generator, do not modify.
        -->
        NojoinCodes
    </sql>

    <insert id="insertBatchDistributorrule" parameterType="java.util.List">
        insert into distributorrule (ID, Style, SalesCouponID,
        ProductGroupID, CreateTime, CreateBy,
        UpdateTime, UpdateBy, NojoinCodes,FaCode,ProductGroupNo
        )
        values
        <foreach collection="list" item="item" index="index" separator="," >
            (#{item.id}, #{item.style}, #{item.salescouponid},
            #{item.productgroupid}, #{item.createtime}, #{item.createby},
            #{item.updatetime}, #{item.updateby}, #{item.nojoincodes},#{item.facode},#{item.productgroupno})
        </foreach>
    </insert>
    <delete id="deleteByExample" parameterType="com.lenovo.m2.couponV2.dao.mybatis.model.DistributorruleExample">
        delete from distributorrule
        <if test="_parameter != null">
            <include refid="Example_Where_Clause" />
        </if>
    </delete>

    <!-- 根据主键ids查询 -->
    <select id="getBatchBySalescouponids" parameterType="map" resultMap="ResultMapWithBLOBs">
        select
        <include refid="Base_Column_List"/>
        ,
        <include refid="Blob_Column_List" />
        from distributorrule
        where SalesCouponID IN
        <foreach close=")" collection="ids" item="listItem" open="(" separator=",">
            #{listItem}
        </foreach>
    </select>

    <select id="selectByExampleWithBLOBs" parameterType="com.lenovo.m2.couponV2.dao.mybatis.model.DistributorruleExample" resultMap="ResultMapWithBLOBs">
        <!--
          WARNING - @mbggenerated
          This element is automatically generated by MyBatis Generator, do not modify.
        -->
        select
        <if test="distinct">
            distinct
        </if>
        <include refid="Base_Column_List" />
        ,
        <include refid="Blob_Column_List" />
        
        from distributorrule
        <if test="_parameter != null">
            <include refid="Example_Where_Clause" />
        </if>
        <if test="orderByClause != null">
            order by $orderByClause$
        </if>
    </select>

    <select id="selectByExampleWithBLOBsGroupBy" parameterType="com.lenovo.m2.couponV2.dao.mybatis.model.DistributorruleExample" resultMap="ResultMapWithBLOBs">
        <!--
          WARNING - @mbggenerated
          This element is automatically generated by MyBatis Generator, do not modify.
        -->
        select
        <if test="distinct">
            distinct
        </if>
       ID, Style, SalesCouponID, ProductGroupID, group_concat(FaCode) as FaCode, CreateTime, CreateBy, UpdateTime, UpdateBy,ProductGroupNo
        ,
        <include refid="Blob_Column_List" />
        from distributorrule
        <if test="_parameter != null">
            <include refid="Example_Where_Clause" />
        </if>
        <if test="orderByClause != null">
            order by $orderByClause$
        </if>
        group by ProductGroupID
    </select>
</mapper>