<?xml version="1.0" encoding="UTF-8" ?>
<!DOCTYPE mapper PUBLIC "-//mybatis.org//DTD Mapper 3.0//EN" "http://mybatis.org/dtd/mybatis-3-mapper.dtd" >
<mapper namespace="com.lenovo.m2.couponV2.dao.mybatis.mapper.MembercouponrelsLogMapper" >
  <resultMap id="BaseResultMap" type="com.lenovo.m2.couponV2.dao.mybatis.model.MembercouponrelsLog" >
    <!--
      WARNING - @mbggenerated
      This element is automatically generated by MyBatis Generator, do not modify.
    -->
    <id column="ID" property="id" jdbcType="BIGINT" />
    <result column="MembercouponrelsID" property="membercouponrelsid" jdbcType="BIGINT" />
    <result column="Token" property="token" jdbcType="VARCHAR" />
    <result column="OrderID" property="orderid" jdbcType="VARCHAR" />
    <result column="Status" property="status" jdbcType="INTEGER" />
    <result column="CreateTime" property="createtime" jdbcType="TIMESTAMP" />
    <result column="CreateBy" property="createby" jdbcType="VARCHAR" />
    <result column="UpdateTime" property="updatetime" jdbcType="TIMESTAMP" />
    <result column="UpdateBy" property="updateby" jdbcType="VARCHAR" />
  </resultMap>
  <sql id="Example_Where_Clause" >
    <!--
      WARNING - @mbggenerated
      This element is automatically generated by MyBatis Generator, do not modify.
    -->
    <where >
      <foreach collection="oredCriteria" item="criteria" separator="or" >
        <if test="criteria.valid" >
          <trim prefix="(" suffix=")" prefixOverrides="and" >
            <foreach collection="criteria.criteria" item="criterion" >
              <choose >
                <when test="criterion.noValue" >
                  and ${criterion.condition}
                </when>
                <when test="criterion.singleValue" >
                  and ${criterion.condition} #{criterion.value}
                </when>
                <when test="criterion.betweenValue" >
                  and ${criterion.condition} #{criterion.value} and #{criterion.secondValue}
                </when>
                <when test="criterion.listValue" >
                  and ${criterion.condition}
                  <foreach collection="criterion.value" item="listItem" open="(" close=")" separator="," >
                    #{listItem}
                  </foreach>
                </when>
              </choose>
            </foreach>
          </trim>
        </if>
      </foreach>
    </where>
  </sql>
  <sql id="Update_By_Example_Where_Clause" >
    <!--
      WARNING - @mbggenerated
      This element is automatically generated by MyBatis Generator, do not modify.
    -->
    <where >
      <foreach collection="example.oredCriteria" item="criteria" separator="or" >
        <if test="criteria.valid" >
          <trim prefix="(" suffix=")" prefixOverrides="and" >
            <foreach collection="criteria.criteria" item="criterion" >
              <choose >
                <when test="criterion.noValue" >
                  and ${criterion.condition}
                </when>
                <when test="criterion.singleValue" >
                  and ${criterion.condition} #{criterion.value}
                </when>
                <when test="criterion.betweenValue" >
                  and ${criterion.condition} #{criterion.value} and #{criterion.secondValue}
                </when>
                <when test="criterion.listValue" >
                  and ${criterion.condition}
                  <foreach collection="criterion.value" item="listItem" open="(" close=")" separator="," >
                    #{listItem}
                  </foreach>
                </when>
              </choose>
            </foreach>
          </trim>
        </if>
      </foreach>
    </where>
  </sql>
  <sql id="Base_Column_List" >
    <!--
      WARNING - @mbggenerated
      This element is automatically generated by MyBatis Generator, do not modify.
    -->
    ID, MembercouponrelsID, Token, OrderID, Status, CreateTime, CreateBy, UpdateTime, 
    UpdateBy
  </sql>
  <select id="selectByExample" resultMap="BaseResultMap" parameterType="com.lenovo.m2.couponV2.dao.mybatis.model.MembercouponrelsLogExample" >
    <!--
      WARNING - @mbggenerated
      This element is automatically generated by MyBatis Generator, do not modify.
    -->
    select
    <if test="distinct" >
      distinct
    </if>
    <include refid="Base_Column_List" />
    from membercouponrelslog
    <if test="_parameter != null" >
      <include refid="Example_Where_Clause" />
    </if>
    <if test="orderByClause != null" >
      order by ${orderByClause}
    </if>
  </select>
  <select id="selectByPrimaryKey" resultMap="BaseResultMap" parameterType="java.lang.Long" >
    <!--
      WARNING - @mbggenerated
      This element is automatically generated by MyBatis Generator, do not modify.
    -->
    select 
    <include refid="Base_Column_List" />
    from membercouponrelslog
    where ID = #{id,jdbcType=BIGINT}
  </select>
  <delete id="deleteByPrimaryKey" parameterType="java.lang.Long" >
    <!--
      WARNING - @mbggenerated
      This element is automatically generated by MyBatis Generator, do not modify.
    -->
    delete from membercouponrelslog
    where ID = #{id,jdbcType=BIGINT}
  </delete>
  <delete id="deleteByExample" parameterType="com.lenovo.m2.couponV2.dao.mybatis.model.MembercouponrelsLogExample" >
    <!--
      WARNING - @mbggenerated
      This element is automatically generated by MyBatis Generator, do not modify.
    -->
    delete from membercouponrelslog
    <if test="_parameter != null" >
      <include refid="Example_Where_Clause" />
    </if>
  </delete>
  <insert id="insert" parameterType="com.lenovo.m2.couponV2.dao.mybatis.model.MembercouponrelsLog" >
    <!--
      WARNING - @mbggenerated
      This element is automatically generated by MyBatis Generator, do not modify.
    -->
    insert into membercouponrelslog (ID, MembercouponrelsID, Token, 
      OrderID, Status, CreateTime, 
      CreateBy, UpdateTime, UpdateBy
      )
    values (#{id,jdbcType=BIGINT}, #{membercouponrelsid,jdbcType=BIGINT}, #{token,jdbcType=VARCHAR}, 
      #{orderid,jdbcType=VARCHAR}, #{status,jdbcType=INTEGER}, #{createtime,jdbcType=TIMESTAMP}, 
      #{createby,jdbcType=VARCHAR}, #{updatetime,jdbcType=TIMESTAMP}, #{updateby,jdbcType=VARCHAR}
      )
  </insert>
  <insert id="insertSelective" parameterType="com.lenovo.m2.couponV2.dao.mybatis.model.MembercouponrelsLog" >
    <!--
      WARNING - @mbggenerated
      This element is automatically generated by MyBatis Generator, do not modify.
    -->
    insert into membercouponrelslog
    <trim prefix="(" suffix=")" suffixOverrides="," >
      <if test="id != null" >
        ID,
      </if>
      <if test="membercouponrelsid != null" >
        MembercouponrelsID,
      </if>
      <if test="token != null" >
        Token,
      </if>
      <if test="orderid != null" >
        OrderID,
      </if>
      <if test="status != null" >
        Status,
      </if>
      <if test="createtime != null" >
        CreateTime,
      </if>
      <if test="createby != null" >
        CreateBy,
      </if>
      <if test="updatetime != null" >
        UpdateTime,
      </if>
      <if test="updateby != null" >
        UpdateBy,
      </if>
    </trim>
    <trim prefix="values (" suffix=")" suffixOverrides="," >
      <if test="id != null" >
        #{id,jdbcType=BIGINT},
      </if>
      <if test="membercouponrelsid != null" >
        #{membercouponrelsid,jdbcType=BIGINT},
      </if>
      <if test="token != null" >
        #{token,jdbcType=VARCHAR},
      </if>
      <if test="orderid != null" >
        #{orderid,jdbcType=VARCHAR},
      </if>
      <if test="status != null" >
        #{status,jdbcType=INTEGER},
      </if>
      <if test="createtime != null" >
        #{createtime,jdbcType=TIMESTAMP},
      </if>
      <if test="createby != null" >
        #{createby,jdbcType=VARCHAR},
      </if>
      <if test="updatetime != null" >
        #{updatetime,jdbcType=TIMESTAMP},
      </if>
      <if test="updateby != null" >
        #{updateby,jdbcType=VARCHAR},
      </if>
    </trim>
  </insert>
  <select id="countByExample" parameterType="com.lenovo.m2.couponV2.dao.mybatis.model.MembercouponrelsLogExample" resultType="java.lang.Integer" >
    <!--
      WARNING - @mbggenerated
      This element is automatically generated by MyBatis Generator, do not modify.
    -->
    select count(*) from membercouponrelslog
    <if test="_parameter != null" >
      <include refid="Example_Where_Clause" />
    </if>
  </select>
  <update id="updateByExampleSelective" parameterType="map" >
    <!--
      WARNING - @mbggenerated
      This element is automatically generated by MyBatis Generator, do not modify.
    -->
    update membercouponrelslog
    <set >
      <if test="record.id != null" >
        ID = #{record.id,jdbcType=BIGINT},
      </if>
      <if test="record.membercouponrelsid != null" >
        MembercouponrelsID = #{record.membercouponrelsid,jdbcType=BIGINT},
      </if>
      <if test="record.token != null" >
        Token = #{record.token,jdbcType=VARCHAR},
      </if>
      <if test="record.orderid != null" >
        OrderID = #{record.orderid,jdbcType=VARCHAR},
      </if>
      <if test="record.status != null" >
        Status = #{record.status,jdbcType=INTEGER},
      </if>
      <if test="record.createtime != null" >
        CreateTime = #{record.createtime,jdbcType=TIMESTAMP},
      </if>
      <if test="record.createby != null" >
        CreateBy = #{record.createby,jdbcType=VARCHAR},
      </if>
      <if test="record.updatetime != null" >
        UpdateTime = #{record.updatetime,jdbcType=TIMESTAMP},
      </if>
      <if test="record.updateby != null" >
        UpdateBy = #{record.updateby,jdbcType=VARCHAR},
      </if>
    </set>
    <if test="_parameter != null" >
      <include refid="Update_By_Example_Where_Clause" />
    </if>
  </update>
  <update id="updateByExample" parameterType="map" >
    <!--
      WARNING - @mbggenerated
      This element is automatically generated by MyBatis Generator, do not modify.
    -->
    update membercouponrelslog
    set ID = #{record.id,jdbcType=BIGINT},
      MembercouponrelsID = #{record.membercouponrelsid,jdbcType=BIGINT},
      Token = #{record.token,jdbcType=VARCHAR},
      OrderID = #{record.orderid,jdbcType=VARCHAR},
      Status = #{record.status,jdbcType=INTEGER},
      CreateTime = #{record.createtime,jdbcType=TIMESTAMP},
      CreateBy = #{record.createby,jdbcType=VARCHAR},
      UpdateTime = #{record.updatetime,jdbcType=TIMESTAMP},
      UpdateBy = #{record.updateby,jdbcType=VARCHAR}
    <if test="_parameter != null" >
      <include refid="Update_By_Example_Where_Clause" />
    </if>
  </update>
  <update id="updateByPrimaryKeySelective" parameterType="com.lenovo.m2.couponV2.dao.mybatis.model.MembercouponrelsLog" >
    <!--
      WARNING - @mbggenerated
      This element is automatically generated by MyBatis Generator, do not modify.
    -->
    update membercouponrelslog
    <set >
      <if test="membercouponrelsid != null" >
        MembercouponrelsID = #{membercouponrelsid,jdbcType=BIGINT},
      </if>
      <if test="token != null" >
        Token = #{token,jdbcType=VARCHAR},
      </if>
      <if test="orderid != null" >
        OrderID = #{orderid,jdbcType=VARCHAR},
      </if>
      <if test="status != null" >
        Status = #{status,jdbcType=INTEGER},
      </if>
      <if test="createtime != null" >
        CreateTime = #{createtime,jdbcType=TIMESTAMP},
      </if>
      <if test="createby != null" >
        CreateBy = #{createby,jdbcType=VARCHAR},
      </if>
      <if test="updatetime != null" >
        UpdateTime = #{updatetime,jdbcType=TIMESTAMP},
      </if>
      <if test="updateby != null" >
        UpdateBy = #{updateby,jdbcType=VARCHAR},
      </if>
    </set>
    where ID = #{id,jdbcType=BIGINT}
  </update>
  <update id="updateByPrimaryKey" parameterType="com.lenovo.m2.couponV2.dao.mybatis.model.MembercouponrelsLog" >
    <!--
      WARNING - @mbggenerated
      This element is automatically generated by MyBatis Generator, do not modify.
    -->
    update membercouponrelslog
    set MembercouponrelsID = #{membercouponrelsid,jdbcType=BIGINT},
      Token = #{token,jdbcType=VARCHAR},
      OrderID = #{orderid,jdbcType=VARCHAR},
      Status = #{status,jdbcType=INTEGER},
      CreateTime = #{createtime,jdbcType=TIMESTAMP},
      CreateBy = #{createby,jdbcType=VARCHAR},
      UpdateTime = #{updatetime,jdbcType=TIMESTAMP},
      UpdateBy = #{updateby,jdbcType=VARCHAR}
    where ID = #{id,jdbcType=BIGINT}
  </update>

    <insert id="insertBatch" parameterType="java.util.List">
        insert into membercouponrelslog (ID, MembercouponrelsID, Token,
        OrderID, Status, CreateTime,
        CreateBy, UpdateTime, UpdateBy
        )
        values
        <foreach collection="list" item="item" index="index" separator="," >
            (#{item.id}, #{item.membercouponrelsid}, #{item.token},
            #{item.orderid}, #{item.status}, #{item.createtime},
            #{item.createby}, #{item.updatetime}, #{item.updateby})
        </foreach>
    </insert>

</mapper>