<?xml version="1.0" encoding="UTF-8" ?>
<!DOCTYPE mapper PUBLIC "-//mybatis.org//DTD Mapper 3.0//EN" "http://mybatis.org/dtd/mybatis-3-mapper.dtd" >
<mapper namespace="com.lenovo.m2.couponV2.dao.mybatis.mapper.MemberExcelTempMapper" >
  <resultMap id="BaseResultMap" type="com.lenovo.m2.couponV2.dao.mybatis.model.MemberExcelTemp" >
    <!--
      WARNING - @mbggenerated
      This element is automatically generated by MyBatis Generator, do not modify.
    -->
    <id column="ID" property="id" jdbcType="BIGINT" />
    <result column="LenovoID" property="lenovoid" jdbcType="VARCHAR" />
    <result column="MemberID" property="memberid" jdbcType="VARCHAR" />
    <result column="MemberCode" property="membercode" jdbcType="VARCHAR" />
    <result column="ItCode" property="itCode" jdbcType="VARCHAR" />
  </resultMap>
  <sql id="Example_Where_Clause" >
    <!--
      WARNING - @mbggenerated
      This element is automatically generated by MyBatis Generator, do not modify.
    -->
    <where >
      <foreach collection="oredCriteria" item="criteria" separator="or" >
        <if test="criteria.valid" >
          <trim prefix="(" suffix=")" prefixOverrides="and" >
            <foreach collection="criteria.criteria" item="criterion" >
              <choose >
                <when test="criterion.noValue" >
                  and ${criterion.condition}
                </when>
                <when test="criterion.singleValue" >
                  and ${criterion.condition} #{criterion.value}
                </when>
                <when test="criterion.betweenValue" >
                  and ${criterion.condition} #{criterion.value} and #{criterion.secondValue}
                </when>
                <when test="criterion.listValue" >
                  and ${criterion.condition}
                  <foreach collection="criterion.value" item="listItem" open="(" close=")" separator="," >
                    #{listItem}
                  </foreach>
                </when>
              </choose>
            </foreach>
          </trim>
        </if>
      </foreach>
    </where>
  </sql>
  <sql id="Update_By_Example_Where_Clause" >
    <!--
      WARNING - @mbggenerated
      This element is automatically generated by MyBatis Generator, do not modify.
    -->
    <where >
      <foreach collection="example.oredCriteria" item="criteria" separator="or" >
        <if test="criteria.valid" >
          <trim prefix="(" suffix=")" prefixOverrides="and" >
            <foreach collection="criteria.criteria" item="criterion" >
              <choose >
                <when test="criterion.noValue" >
                  and ${criterion.condition}
                </when>
                <when test="criterion.singleValue" >
                  and ${criterion.condition} #{criterion.value}
                </when>
                <when test="criterion.betweenValue" >
                  and ${criterion.condition} #{criterion.value} and #{criterion.secondValue}
                </when>
                <when test="criterion.listValue" >
                  and ${criterion.condition}
                  <foreach collection="criterion.value" item="listItem" open="(" close=")" separator="," >
                    #{listItem}
                  </foreach>
                </when>
              </choose>
            </foreach>
          </trim>
        </if>
      </foreach>
    </where>
  </sql>
  <sql id="Base_Column_List" >
    <!--
      WARNING - @mbggenerated
      This element is automatically generated by MyBatis Generator, do not modify.
    -->
    ID, LenovoID, MemberID, MemberCode
  </sql>
  <select id="selectByExample" resultMap="BaseResultMap" parameterType="com.lenovo.m2.couponV2.dao.mybatis.model.MemberExcelTempExample" >
    <!--
      WARNING - @mbggenerated
      This element is automatically generated by MyBatis Generator, do not modify.
    -->
    select
    <if test="distinct" >
      distinct
    </if>
    <include refid="Base_Column_List" />
    from member_excel_temp
    <if test="_parameter != null" >
      <include refid="Example_Where_Clause" />
    </if>
    <if test="orderByClause != null" >
      order by ${orderByClause}
    </if>
  </select>
  <select id="selectByPrimaryKey" resultMap="BaseResultMap" parameterType="java.lang.Long" >
    <!--
      WARNING - @mbggenerated
      This element is automatically generated by MyBatis Generator, do not modify.
    -->
    select
    <include refid="Base_Column_List" />
    from member_excel_temp
    where ID = #{id,jdbcType=BIGINT}
  </select>
  <delete id="deleteByPrimaryKey" parameterType="java.lang.Long" >
    <!--
      WARNING - @mbggenerated
      This element is automatically generated by MyBatis Generator, do not modify.
    -->
    delete from member_excel_temp
    where ID = #{id,jdbcType=BIGINT}
  </delete>
  <delete id="deleteByExample" parameterType="com.lenovo.m2.couponV2.dao.mybatis.model.MemberExcelTempExample" >
    <!--
      WARNING - @mbggenerated
      This element is automatically generated by MyBatis Generator, do not modify.
    -->
    delete from member_excel_temp
    <if test="_parameter != null" >
      <include refid="Example_Where_Clause" />
    </if>
  </delete>
  <insert id="insert" parameterType="com.lenovo.m2.couponV2.dao.mybatis.model.MemberExcelTemp" >
    <!--
      WARNING - @mbggenerated
      This element is automatically generated by MyBatis Generator, do not modify.
    -->
    insert into member_excel_temp (ID, LenovoID, MemberID,
      MemberCode)
    values (#{id,jdbcType=BIGINT}, #{lenovoid,jdbcType=VARCHAR}, #{memberid,jdbcType=VARCHAR},
      #{membercode,jdbcType=VARCHAR})
  </insert>
  <insert id="insertSelective" parameterType="com.lenovo.m2.couponV2.dao.mybatis.model.MemberExcelTemp" >
    <!--
      WARNING - @mbggenerated
      This element is automatically generated by MyBatis Generator, do not modify.
    -->
    insert into member_excel_temp
    <trim prefix="(" suffix=")" suffixOverrides="," >
      <if test="id != null" >
        ID,
      </if>
      <if test="lenovoid != null" >
        LenovoID,
      </if>
      <if test="memberid != null" >
        MemberID,
      </if>
      <if test="membercode != null" >
        MemberCode,
      </if>
    </trim>
    <trim prefix="values (" suffix=")" suffixOverrides="," >
      <if test="id != null" >
        #{id,jdbcType=BIGINT},
      </if>
      <if test="lenovoid != null" >
        #{lenovoid,jdbcType=VARCHAR},
      </if>
      <if test="memberid != null" >
        #{memberid,jdbcType=VARCHAR},
      </if>
      <if test="membercode != null" >
        #{membercode,jdbcType=VARCHAR},
      </if>
    </trim>
  </insert>
  <select id="countByExample" parameterType="com.lenovo.m2.couponV2.dao.mybatis.model.MemberExcelTempExample" resultType="java.lang.Integer" >
    <!--
      WARNING - @mbggenerated
      This element is automatically generated by MyBatis Generator, do not modify.
    -->
    select count(*) from member_excel_temp
    <if test="_parameter != null" >
      <include refid="Example_Where_Clause" />
    </if>
  </select>
  <update id="updateByExampleSelective" parameterType="map" >
    <!--
      WARNING - @mbggenerated
      This element is automatically generated by MyBatis Generator, do not modify.
    -->
    update member_excel_temp
    <set >
      <if test="record.id != null" >
        ID = #{record.id,jdbcType=BIGINT},
      </if>
      <if test="record.lenovoid != null" >
        LenovoID = #{record.lenovoid,jdbcType=VARCHAR},
      </if>
      <if test="record.memberid != null" >
        MemberID = #{record.memberid,jdbcType=VARCHAR},
      </if>
      <if test="record.membercode != null" >
        MemberCode = #{record.membercode,jdbcType=VARCHAR},
      </if>
    </set>
    <if test="_parameter != null" >
      <include refid="Update_By_Example_Where_Clause" />
    </if>
  </update>
  <update id="updateByExample" parameterType="map" >
    <!--
      WARNING - @mbggenerated
      This element is automatically generated by MyBatis Generator, do not modify.
    -->
    update member_excel_temp
    set ID = #{record.id,jdbcType=BIGINT},
      LenovoID = #{record.lenovoid,jdbcType=VARCHAR},
      MemberID = #{record.memberid,jdbcType=VARCHAR},
      MemberCode = #{record.membercode,jdbcType=VARCHAR}
    <if test="_parameter != null" >
      <include refid="Update_By_Example_Where_Clause" />
    </if>
  </update>
  <update id="updateByPrimaryKeySelective" parameterType="com.lenovo.m2.couponV2.dao.mybatis.model.MemberExcelTemp" >
    <!--
      WARNING - @mbggenerated
      This element is automatically generated by MyBatis Generator, do not modify.
    -->
    update member_excel_temp
    <set >
      <if test="lenovoid != null" >
        LenovoID = #{lenovoid,jdbcType=VARCHAR},
      </if>
      <if test="memberid != null" >
        MemberID = #{memberid,jdbcType=VARCHAR},
      </if>
      <if test="membercode != null" >
        MemberCode = #{membercode,jdbcType=VARCHAR},
      </if>
    </set>
    where ID = #{id,jdbcType=BIGINT}
  </update>
  <update id="updateByPrimaryKey" parameterType="com.lenovo.m2.couponV2.dao.mybatis.model.MemberExcelTemp" >
    update member_excel_temp
    set LenovoID = #{lenovoid,jdbcType=VARCHAR},
      MemberID = #{memberid,jdbcType=VARCHAR},
      MemberCode = #{membercode,jdbcType=VARCHAR}
    where ID = #{id,jdbcType=BIGINT}
  </update>



<!--=====================================================================-->

  <!-- 批量插入excel数据-->
  <insert id="insertBatch" parameterType="java.util.List">
    insert into member_excel_temp (LenovoID,MemberCode,ItCode)
    values
    <foreach collection="list" index="index" item="item" separator=",">
      (#{item.lenovoid,jdbcType=VARCHAR},#{item.membercode,jdbcType=VARCHAR},#{item.itCode,jdbcType=VARCHAR})
    </foreach>
  </insert>
  <!-- 批量插入excel数据  end-->

  <!-- 查询重复数据总数-->
  <select id="selectIsRepeat" resultType="com.lenovo.m2.couponV2.dao.mybatis.model.MemberExcelTemp" parameterType="java.lang.String">
    select
        m.ID,m.MemberCode,m.IsRepeat,m.LenovoID,count(1) count
    from
        member_excel_temp m
    where
        1=1 and m.ItCode=#{itCode,jdbcType=VARCHAR} group by m.LenovoID HAVING count >1
  </select>
  <!-- 查询重复数据总数  end-->

  <!-- 批量修改重复数据状态-->
  <update id="updateIsRepeatd" parameterType="map">

      UPDATE member_excel_temp
      <set>
        IsRepeat = 1
      </set>
      where
        1=1
      <if test="param1 !=null">
        <where>
          <if test="param1.itCode != null and param1.itCode!='' ">
            and itCode=#{param1.itCode,jdbcType=VARCHAR}
          </if>
        </where>
      </if>
      AND
        LenovoID in
      <foreach item="item" index="index" collection="list" open="(" separator="," close=")">
        #{item.lenovoid}
      </foreach>

  </update>

  <!-- 查询导入输入-->
  <select id="getMemberExcelTempPage" resultType="com.lenovo.m2.couponV2.dao.mybatis.model.MemberExcelTemp" parameterType="map">
    select * from
       member_excel_temp m
    <if test="param2 !=null">
        <where>
          <if test="param2.itCode != null and param2.itCode!='' ">
            m.itCode=#{param2.itCode,jdbcType=VARCHAR}
          </if>
        </where>
    </if>
   ORDER BY IsRepeat=1 DESC
  </select>


  <!-- 查询有效数据总数-->
  <select id="getValidList" resultType="com.lenovo.m2.couponV2.dao.mybatis.model.MemberExcelTemp" parameterType="java.lang.String">
    select
      m.ID,m.MemberCode,m.IsRepeat,m.LenovoID,count(1) count
    from
      member_excel_temp m
    where
      1=1 and m.ItCode=#{itCode,jdbcType=VARCHAR} group by m.LenovoID HAVING count =1
  </select>
  <!-- 查询重复数据总数  toDelete_exMember  end-->

  <!-- 根据主键ids查询 -->
  <delete id="toDelete_exMember"  parameterType="map" >
    delete
      from member_excel_temp
    where
      1=1
    <if test="param1 !=null">
      <where>
        <if test="param1.itCode != null and param1.itCode!='' ">
          and itCode=#{param1.itCode,jdbcType=VARCHAR}
        </if>
      </where>
    </if>
     AND
     ID IN
    <foreach close=")" collection="ids" item="listItem" open="(" separator=",">
      #{listItem}
    </foreach>
  </delete>

  <delete id="deleteAll" parameterType="java.lang.String">
    delete from member_excel_temp
    where
      1=1 and ItCode=#{itCode,jdbcType=VARCHAR}
  </delete>




</mapper>