<?xml version="1.0" encoding="UTF-8"?>
<!DOCTYPE mapper PUBLIC "-//mybatis.org//DTD Mapper 3.0//EN" "http://mybatis.org/dtd/mybatis-3-mapper.dtd">
<mapper namespace="com.lenovo.m2.couponV2.dao.mybatis.mapper.MembercouponrelsMapper">
    <resultMap id="BaseResultMap" type="com.lenovo.m2.couponV2.dao.mybatis.model.Membercouponrels">
        <!--
          WARNING - @mbggenerated
          This element is automatically generated by MyBatis Generator, do not modify.
        -->
        <id column="ID" jdbcType="BIGINT" property="id"/>
        <result column="MemberID" jdbcType="VARCHAR" property="memberid"/>
        <result column="LenovoID" jdbcType="VARCHAR" property="lenovoid"/>
        <result column="MemberCode" jdbcType="VARCHAR" property="membercode"/>
        <result column="SalesCouponID" jdbcType="BIGINT" property="salescouponid"/>
        <result column="UseScope" jdbcType="INTEGER" property="usescope"/>
        <result column="CouponCode" jdbcType="VARCHAR" property="couponcode"/>
        <result column="ShopId" jdbcType="VARCHAR" property="shopid"/>
        <result column="Terminal" jdbcType="VARCHAR" property="terminal"/>
        <result column="Name" jdbcType="VARCHAR" property="name"/>
        <result column="Amount" jdbcType="DECIMAL" property="amount"/>
        <result column="CurrencyCode" jdbcType="VARCHAR" property="currencyCode"/>
        <result column="Conditions" jdbcType="DECIMAL" property="conditions"/>
        <result column="Type" jdbcType="INTEGER" property="type"/>
        <result column="Fromtime" jdbcType="TIMESTAMP" property="fromtime"/>
        <result column="Totime" jdbcType="TIMESTAMP" property="totime"/>
        <result column="EppGroup" jdbcType="VARCHAR" property="eppgroup"/>
        <result column="TotalNumber" jdbcType="INTEGER" property="totalnumber"/>
        <result column="SurplusNumber" jdbcType="INTEGER" property="surplusnumber"/>
        <result column="CouponSource" jdbcType="VARCHAR" property="couponsource"/>
        <result column="ClassificationName" jdbcType="VARCHAR" property="classificationname"/>
        <result column="Classification" jdbcType="INTEGER" property="classification"/>
        <result column="Superposition" jdbcType="INTEGER" property="superposition"/>
        <result column="BatchNo" jdbcType="VARCHAR" property="batchno"/>
        <result column="Disabled" jdbcType="INTEGER" property="disabled"/>
        <result column="Status" jdbcType="INTEGER" property="status"/>
        <result column="Token" jdbcType="VARCHAR" property="token"/>
        <result column="OrderID" jdbcType="VARCHAR" property="orderid"/>
        <result column="UseTime" jdbcType="TIMESTAMP" property="usetime"/>
        <result column="CreateTime" jdbcType="TIMESTAMP" property="createtime"/>
        <result column="CreateBy" jdbcType="VARCHAR" property="createby"/>
        <result column="UpdateTime" jdbcType="TIMESTAMP" property="updatetime"/>
        <result column="UpdateBy" jdbcType="VARCHAR" property="updateby"/>
    </resultMap>
    <resultMap extends="BaseResultMap" id="ResultMapWithBLOBs"
               type="com.lenovo.m2.couponV2.dao.mybatis.model.Membercouponrels">
        <!--
          WARNING - @mbggenerated
          This element is automatically generated by MyBatis Generator, do not modify.
        -->
        <result column="Description" jdbcType="LONGVARCHAR" property="description"/>
    </resultMap>
    <sql id="Example_Where_Clause">
        <!--
          WARNING - @mbggenerated
          This element is automatically generated by MyBatis Generator, do not modify.
        -->
        <where>
            <foreach collection="oredCriteria" item="criteria" separator="or">
                <if test="criteria.valid">
                    <trim prefix="(" prefixOverrides="and" suffix=")">
                        <foreach collection="criteria.criteria" item="criterion">
                            <choose>
                                <when test="criterion.noValue">
                                    and ${criterion.condition}
                                </when>
                                <when test="criterion.singleValue">
                                    and ${criterion.condition} #{criterion.value}
                                </when>
                                <when test="criterion.betweenValue">
                                    and ${criterion.condition} #{criterion.value} and #{criterion.secondValue}
                                </when>
                                <when test="criterion.listValue">
                                    and ${criterion.condition}
                                    <foreach close=")" collection="criterion.value" item="listItem" open="("
                                             separator=",">
                                        #{listItem}
                                    </foreach>
                                </when>
                            </choose>
                        </foreach>
                    </trim>
                </if>
            </foreach>
        </where>
    </sql>
    <sql id="Update_By_Example_Where_Clause">
        <!--
          WARNING - @mbggenerated
          This element is automatically generated by MyBatis Generator, do not modify.
        -->
        <where>
            <foreach collection="example.oredCriteria" item="criteria" separator="or">
                <if test="criteria.valid">
                    <trim prefix="(" prefixOverrides="and" suffix=")">
                        <foreach collection="criteria.criteria" item="criterion">
                            <choose>
                                <when test="criterion.noValue">
                                    and ${criterion.condition}
                                </when>
                                <when test="criterion.singleValue">
                                    and ${criterion.condition} #{criterion.value}
                                </when>
                                <when test="criterion.betweenValue">
                                    and ${criterion.condition} #{criterion.value} and #{criterion.secondValue}
                                </when>
                                <when test="criterion.listValue">
                                    and ${criterion.condition}
                                    <foreach close=")" collection="criterion.value" item="listItem" open="("
                                             separator=",">
                                        #{listItem}
                                    </foreach>
                                </when>
                            </choose>
                        </foreach>
                    </trim>
                </if>
            </foreach>
        </where>
    </sql>
    <sql id="Base_Column_List">
        <!--
          WARNING - @mbggenerated
          This element is automatically generated by MyBatis Generator, do not modify.
        -->
        ID, MemberID, LenovoID, MemberCode, SalesCouponID, UseScope, CouponCode, ShopId,
        Terminal, Name, Amount, CurrencyCode, Conditions, Type, Fromtime, Totime, EppGroup, TotalNumber,
        SurplusNumber, CouponSource, ClassificationName, Classification, Superposition, BatchNo,
        Disabled, Status, Token, OrderID, UseTime, CreateTime, CreateBy, UpdateTime, UpdateBy
    </sql>
    <sql id="Blob_Column_List">
        <!--
          WARNING - @mbggenerated
          This element is automatically generated by MyBatis Generator, do not modify.
        -->
        Description
    </sql>
    <select id="selectByExampleWithBLOBs"
            parameterType="com.lenovo.m2.couponV2.dao.mybatis.model.MembercouponrelsExample"
            resultMap="ResultMapWithBLOBs">
        <!--
          WARNING - @mbggenerated
          This element is automatically generated by MyBatis Generator, do not modify.
        -->
        select
        <if test="distinct">
            distinct
        </if>
        <include refid="Base_Column_List"/>
        ,
        <include refid="Blob_Column_List"/>
        from membercouponrels
        <if test="_parameter != null">
            <include refid="Example_Where_Clause"/>
        </if>
        <if test="orderByClause != null">
            order by $orderByClause$
        </if>
    </select>
    <select id="selectByExample" parameterType="com.lenovo.m2.couponV2.dao.mybatis.model.MembercouponrelsExample"
            resultMap="BaseResultMap">
        <!--
          WARNING - @mbggenerated
          This element is automatically generated by MyBatis Generator, do not modify.
        -->
        select
        <if test="distinct">
            distinct
        </if>
        <include refid="Base_Column_List"/>
        from membercouponrels
        <if test="_parameter != null">
            <include refid="Example_Where_Clause"/>
        </if>
        <if test="orderByClause != null">
            order by ${orderByClause}
        </if>
    </select>
    <select id="selectByPrimaryKey" parameterType="java.lang.Long" resultMap="ResultMapWithBLOBs">
        <!--
          WARNING - @mbggenerated
          This element is automatically generated by MyBatis Generator, do not modify.
        -->
        select
        <include refid="Base_Column_List"/>
        ,
        <include refid="Blob_Column_List"/>
        from membercouponrels
        where ID = #{id,jdbcType=BIGINT}
    </select>
    <delete id="deleteByPrimaryKey" parameterType="java.lang.Long">
        <!--
          WARNING - @mbggenerated
          This element is automatically generated by MyBatis Generator, do not modify.
        -->
        delete from membercouponrels
        where ID = #{id,jdbcType=BIGINT}
    </delete>
    <delete id="deleteByExample" parameterType="com.lenovo.m2.couponV2.dao.mybatis.model.MembercouponrelsExample">
        <!--
          WARNING - @mbggenerated
          This element is automatically generated by MyBatis Generator, do not modify.
        -->
        delete from membercouponrels
        <if test="_parameter != null">
            <include refid="Example_Where_Clause"/>
        </if>
    </delete>
    <insert id="insert" parameterType="com.lenovo.m2.couponV2.dao.mybatis.model.Membercouponrels"
            useGeneratedKeys="true" keyProperty="id">
        <!--
          WARNING - @mbggenerated
          This element is automatically generated by MyBatis Generator, do not modify.
        -->
        insert into membercouponrels (ID, MemberID, LenovoID,
        MemberCode, SalesCouponID, UseScope,
        CouponCode, ShopId, Terminal,
        Name, Amount, CurrencyCode, Conditions,
        Type, Fromtime, Totime,
        EppGroup, TotalNumber, SurplusNumber,
        CouponSource, ClassificationName, Classification,
        Superposition, BatchNo, Disabled,
        Status, Token, OrderID,
        UseTime, CreateTime, CreateBy,
        UpdateTime, UpdateBy, Description
        )
        values (#{id,jdbcType=BIGINT}, #{memberid,jdbcType=VARCHAR}, #{lenovoid,jdbcType=VARCHAR},
        #{membercode,jdbcType=VARCHAR}, #{salescouponid,jdbcType=BIGINT}, #{usescope,jdbcType=INTEGER},
        #{couponcode,jdbcType=VARCHAR}, #{shopid,jdbcType=VARCHAR}, #{terminal,jdbcType=VARCHAR},
        #{name,jdbcType=VARCHAR}, #{amount,jdbcType=DECIMAL}, #{currencyCode,jdbcType=VARCHAR}, #{conditions,jdbcType=DECIMAL},
        #{type,jdbcType=INTEGER}, #{fromtime,jdbcType=TIMESTAMP}, #{totime,jdbcType=TIMESTAMP},
        #{eppgroup,jdbcType=VARCHAR}, #{totalnumber,jdbcType=INTEGER}, #{surplusnumber,jdbcType=INTEGER},
        #{couponsource,jdbcType=VARCHAR}, #{classificationname,jdbcType=VARCHAR}, #{classification,jdbcType=INTEGER},
        #{superposition,jdbcType=INTEGER}, #{batchno,jdbcType=VARCHAR}, #{disabled,jdbcType=INTEGER},
        #{status,jdbcType=INTEGER}, #{token,jdbcType=VARCHAR}, #{orderid,jdbcType=VARCHAR},
        #{usetime,jdbcType=TIMESTAMP}, #{createtime,jdbcType=TIMESTAMP}, #{createby,jdbcType=VARCHAR},
        #{updatetime,jdbcType=TIMESTAMP}, #{updateby,jdbcType=VARCHAR}, #{description,jdbcType=LONGVARCHAR}
        )
    </insert>
    <insert id="insertSelective" parameterType="com.lenovo.m2.couponV2.dao.mybatis.model.Membercouponrels"
            useGeneratedKeys="true" keyProperty="id">
        <!--
          WARNING - @mbggenerated
          This element is automatically generated by MyBatis Generator, do not modify.
        -->
        insert into membercouponrels
        <trim prefix="(" suffix=")" suffixOverrides=",">
            <if test="id != null">
                ID,
            </if>
            <if test="memberid != null">
                MemberID,
            </if>
            <if test="lenovoid != null">
                LenovoID,
            </if>
            <if test="membercode != null">
                MemberCode,
            </if>
            <if test="salescouponid != null">
                SalesCouponID,
            </if>
            <if test="usescope != null">
                UseScope,
            </if>
            <if test="couponcode != null">
                CouponCode,
            </if>
            <if test="shopid != null">
                ShopId,
            </if>
            <if test="terminal != null">
                Terminal,
            </if>
            <if test="name != null">
                Name,
            </if>
            <if test="amount != null">
                Amount,
            </if>
            <if test="currencyCode != null">
                CurrencyCode,
            </if>
            <if test="conditions != null">
                Conditions,
            </if>
            <if test="type != null">
                Type,
            </if>
            <if test="fromtime != null">
                Fromtime,
            </if>
            <if test="totime != null">
                Totime,
            </if>
            <if test="eppgroup != null">
                EppGroup,
            </if>
            <if test="totalnumber != null">
                TotalNumber,
            </if>
            <if test="surplusnumber != null">
                SurplusNumber,
            </if>
            <if test="couponsource != null">
                CouponSource,
            </if>
            <if test="classificationname != null">
                ClassificationName,
            </if>
            <if test="classification != null">
                Classification,
            </if>
            <if test="superposition != null">
                Superposition,
            </if>
            <if test="batchno != null">
                BatchNo,
            </if>
            <if test="disabled != null">
                Disabled,
            </if>
            <if test="status != null">
                Status,
            </if>
            <if test="token != null">
                Token,
            </if>
            <if test="orderid != null">
                OrderID,
            </if>
            <if test="usetime != null">
                UseTime,
            </if>
            <if test="createtime != null">
                CreateTime,
            </if>
            <if test="createby != null">
                CreateBy,
            </if>
            <if test="updatetime != null">
                UpdateTime,
            </if>
            <if test="updateby != null">
                UpdateBy,
            </if>
            <if test="description != null">
                Description,
            </if>
        </trim>
        <trim prefix="values (" suffix=")" suffixOverrides=",">
            <if test="id != null">
                #{id,jdbcType=BIGINT},
            </if>
            <if test="memberid != null">
                #{memberid,jdbcType=VARCHAR},
            </if>
            <if test="lenovoid != null">
                #{lenovoid,jdbcType=VARCHAR},
            </if>
            <if test="membercode != null">
                #{membercode,jdbcType=VARCHAR},
            </if>
            <if test="salescouponid != null">
                #{salescouponid,jdbcType=BIGINT},
            </if>
            <if test="usescope != null">
                #{usescope,jdbcType=INTEGER},
            </if>
            <if test="couponcode != null">
                #{couponcode,jdbcType=VARCHAR},
            </if>
            <if test="shopid != null">
                #{shopid,jdbcType=VARCHAR},
            </if>
            <if test="terminal != null">
                #{terminal,jdbcType=VARCHAR},
            </if>
            <if test="name != null">
                #{name,jdbcType=VARCHAR},
            </if>
            <if test="amount != null">
                #{amount,jdbcType=DECIMAL},
            </if>
            <if test="currencyCode != null">
                #{currencyCode,jdbcType=VARCHAR},
            </if>
            <if test="conditions != null">
                #{conditions,jdbcType=DECIMAL},
            </if>
            <if test="type != null">
                #{type,jdbcType=INTEGER},
            </if>
            <if test="fromtime != null">
                #{fromtime,jdbcType=TIMESTAMP},
            </if>
            <if test="totime != null">
                #{totime,jdbcType=TIMESTAMP},
            </if>
            <if test="eppgroup != null">
                #{eppgroup,jdbcType=VARCHAR},
            </if>
            <if test="totalnumber != null">
                #{totalnumber,jdbcType=INTEGER},
            </if>
            <if test="surplusnumber != null">
                #{surplusnumber,jdbcType=INTEGER},
            </if>
            <if test="couponsource != null">
                #{couponsource,jdbcType=VARCHAR},
            </if>
            <if test="classificationname != null">
                #{classificationname,jdbcType=VARCHAR},
            </if>
            <if test="classification != null">
                #{classification,jdbcType=INTEGER},
            </if>
            <if test="superposition != null">
                #{superposition,jdbcType=INTEGER},
            </if>
            <if test="batchno != null">
                #{batchno,jdbcType=VARCHAR},
            </if>
            <if test="disabled != null">
                #{disabled,jdbcType=INTEGER},
            </if>
            <if test="status != null">
                #{status,jdbcType=INTEGER},
            </if>
            <if test="token != null">
                #{token,jdbcType=VARCHAR},
            </if>
            <if test="orderid != null">
                #{orderid,jdbcType=VARCHAR},
            </if>
            <if test="usetime != null">
                #{usetime,jdbcType=TIMESTAMP},
            </if>
            <if test="createtime != null">
                #{createtime,jdbcType=TIMESTAMP},
            </if>
            <if test="createby != null">
                #{createby,jdbcType=VARCHAR},
            </if>
            <if test="updatetime != null">
                #{updatetime,jdbcType=TIMESTAMP},
            </if>
            <if test="updateby != null">
                #{updateby,jdbcType=VARCHAR},
            </if>
            <if test="description != null">
                #{description,jdbcType=LONGVARCHAR},
            </if>
        </trim>
    </insert>
    <select id="countByExample" parameterType="com.lenovo.m2.couponV2.dao.mybatis.model.MembercouponrelsExample"
            resultType="java.lang.Integer">
        <!--
          WARNING - @mbggenerated
          This element is automatically generated by MyBatis Generator, do not modify.
        -->
        select count(*) from membercouponrels
        <if test="_parameter != null">
            <include refid="Example_Where_Clause"/>
        </if>
    </select>
    <update id="updateByExampleSelective" parameterType="map">
        <!--
          WARNING - @mbggenerated
          This element is automatically generated by MyBatis Generator, do not modify.
        -->
        update membercouponrels
        <set>
            <if test="record.id != null">
                ID = #{record.id,jdbcType=BIGINT},
            </if>
            <if test="record.memberid != null">
                MemberID = #{record.memberid,jdbcType=VARCHAR},
            </if>
            <if test="record.lenovoid != null">
                LenovoID = #{record.lenovoid,jdbcType=VARCHAR},
            </if>
            <if test="record.membercode != null">
                MemberCode = #{record.membercode,jdbcType=VARCHAR},
            </if>
            <if test="record.salescouponid != null">
                SalesCouponID = #{record.salescouponid,jdbcType=BIGINT},
            </if>
            <if test="record.usescope != null">
                UseScope = #{record.usescope,jdbcType=INTEGER},
            </if>
            <if test="record.couponcode != null">
                CouponCode = #{record.couponcode,jdbcType=VARCHAR},
            </if>
            <if test="record.shopid != null">
                ShopId = #{record.shopid,jdbcType=VARCHAR},
            </if>
            <if test="record.terminal != null">
                Terminal = #{record.terminal,jdbcType=VARCHAR},
            </if>
            <if test="record.name != null">
                Name = #{record.name,jdbcType=VARCHAR},
            </if>
            <if test="record.amount != null">
                Amount = #{record.amount,jdbcType=DECIMAL},
            </if>
            <if test="record.currencyCode != null">
                CurrencyCode = #{record.currencyCode,jdbcType=VARCHAR},
            </if>
            <if test="record.conditions != null">
                Conditions = #{record.conditions,jdbcType=DECIMAL},
            </if>
            <if test="record.type != null">
                Type = #{record.type,jdbcType=INTEGER},
            </if>
            <if test="record.fromtime != null">
                Fromtime = #{record.fromtime,jdbcType=TIMESTAMP},
            </if>
            <if test="record.totime != null">
                Totime = #{record.totime,jdbcType=TIMESTAMP},
            </if>
            <if test="record.eppgroup != null">
                EppGroup = #{record.eppgroup,jdbcType=VARCHAR},
            </if>
            <if test="record.totalnumber != null">
                TotalNumber = #{record.totalnumber,jdbcType=INTEGER},
            </if>
            <if test="record.surplusnumber != null">
                SurplusNumber = #{record.surplusnumber,jdbcType=INTEGER},
            </if>
            <if test="record.couponsource != null">
                CouponSource = #{record.couponsource,jdbcType=VARCHAR},
            </if>
            <if test="record.classificationname != null">
                ClassificationName = #{record.classificationname,jdbcType=VARCHAR},
            </if>
            <if test="record.classification != null">
                Classification = #{record.classification,jdbcType=INTEGER},
            </if>
            <if test="record.superposition != null">
                Superposition = #{record.superposition,jdbcType=INTEGER},
            </if>
            <if test="record.batchno != null">
                BatchNo = #{record.batchno,jdbcType=VARCHAR},
            </if>
            <if test="record.disabled != null">
                Disabled = #{record.disabled,jdbcType=INTEGER},
            </if>
            <if test="record.status != null">
                Status = #{record.status,jdbcType=INTEGER},
            </if>
            <if test="record.token != null">
                Token = #{record.token,jdbcType=VARCHAR},
            </if>
            <if test="record.orderid != null">
                OrderID = #{record.orderid,jdbcType=VARCHAR},
            </if>
            <if test="record.usetime != null">
                UseTime = #{record.usetime,jdbcType=TIMESTAMP},
            </if>
            <if test="record.createtime != null">
                CreateTime = #{record.createtime,jdbcType=TIMESTAMP},
            </if>
            <if test="record.createby != null">
                CreateBy = #{record.createby,jdbcType=VARCHAR},
            </if>
            <if test="record.updatetime != null">
                UpdateTime = #{record.updatetime,jdbcType=TIMESTAMP},
            </if>
            <if test="record.updateby != null">
                UpdateBy = #{record.updateby,jdbcType=VARCHAR},
            </if>
            <if test="record.description != null">
                Description = #{record.description,jdbcType=LONGVARCHAR},
            </if>
        </set>
        <if test="_parameter != null">
            <include refid="Update_By_Example_Where_Clause"/>
        </if>
    </update>
    <update id="updateByExampleWithBLOBs" parameterType="map">
        <!--
          WARNING - @mbggenerated
          This element is automatically generated by MyBatis Generator, do not modify.
        -->
        update membercouponrels
        set ID = #{record.id,jdbcType=BIGINT},
        MemberID = #{record.memberid,jdbcType=VARCHAR},
        LenovoID = #{record.lenovoid,jdbcType=VARCHAR},
        MemberCode = #{record.membercode,jdbcType=VARCHAR},
        SalesCouponID = #{record.salescouponid,jdbcType=BIGINT},
        UseScope = #{record.usescope,jdbcType=INTEGER},
        CouponCode = #{record.couponcode,jdbcType=VARCHAR},
        ShopId = #{record.shopid,jdbcType=VARCHAR},
        Terminal = #{record.terminal,jdbcType=VARCHAR},
        Name = #{record.name,jdbcType=VARCHAR},
        Amount = #{record.amount,jdbcType=DECIMAL},
        CurrencyCode = #{record.currencyCode,jdbcType=VARCHAR},
        Conditions = #{record.conditions,jdbcType=DECIMAL},
        Type = #{record.type,jdbcType=INTEGER},
        Fromtime = #{record.fromtime,jdbcType=TIMESTAMP},
        Totime = #{record.totime,jdbcType=TIMESTAMP},
        EppGroup = #{record.eppgroup,jdbcType=VARCHAR},
        TotalNumber = #{record.totalnumber,jdbcType=INTEGER},
        SurplusNumber = #{record.surplusnumber,jdbcType=INTEGER},
        CouponSource = #{record.couponsource,jdbcType=VARCHAR},
        ClassificationName = #{record.classificationname,jdbcType=VARCHAR},
        Classification = #{record.classification,jdbcType=INTEGER},
        Superposition = #{record.superposition,jdbcType=INTEGER},
        BatchNo = #{record.batchno,jdbcType=VARCHAR},
        Disabled = #{record.disabled,jdbcType=INTEGER},
        Status = #{record.status,jdbcType=INTEGER},
        Token = #{record.token,jdbcType=VARCHAR},
        OrderID = #{record.orderid,jdbcType=VARCHAR},
        UseTime = #{record.usetime,jdbcType=TIMESTAMP},
        CreateTime = #{record.createtime,jdbcType=TIMESTAMP},
        CreateBy = #{record.createby,jdbcType=VARCHAR},
        UpdateTime = #{record.updatetime,jdbcType=TIMESTAMP},
        UpdateBy = #{record.updateby,jdbcType=VARCHAR},
        Description = #{record.description,jdbcType=LONGVARCHAR}
        <if test="_parameter != null">
            <include refid="Update_By_Example_Where_Clause"/>
        </if>
    </update>
    <update id="updateByExample" parameterType="map">
        <!--
          WARNING - @mbggenerated
          This element is automatically generated by MyBatis Generator, do not modify.
        -->
        update membercouponrels
        set ID = #{record.id,jdbcType=BIGINT},
        MemberID = #{record.memberid,jdbcType=VARCHAR},
        LenovoID = #{record.lenovoid,jdbcType=VARCHAR},
        MemberCode = #{record.membercode,jdbcType=VARCHAR},
        SalesCouponID = #{record.salescouponid,jdbcType=BIGINT},
        UseScope = #{record.usescope,jdbcType=INTEGER},
        CouponCode = #{record.couponcode,jdbcType=VARCHAR},
        ShopId = #{record.shopid,jdbcType=VARCHAR},
        Terminal = #{record.terminal,jdbcType=VARCHAR},
        Name = #{record.name,jdbcType=VARCHAR},
        Amount = #{record.amount,jdbcType=DECIMAL},
        CurrencyCode = #{record.currencyCode,jdbcType=VARCHAR},
        Conditions = #{record.conditions,jdbcType=DECIMAL},
        Type = #{record.type,jdbcType=INTEGER},
        Fromtime = #{record.fromtime,jdbcType=TIMESTAMP},
        Totime = #{record.totime,jdbcType=TIMESTAMP},
        EppGroup = #{record.eppgroup,jdbcType=VARCHAR},
        TotalNumber = #{record.totalnumber,jdbcType=INTEGER},
        SurplusNumber = #{record.surplusnumber,jdbcType=INTEGER},
        CouponSource = #{record.couponsource,jdbcType=VARCHAR},
        ClassificationName = #{record.classificationname,jdbcType=VARCHAR},
        Classification = #{record.classification,jdbcType=INTEGER},
        Superposition = #{record.superposition,jdbcType=INTEGER},
        BatchNo = #{record.batchno,jdbcType=VARCHAR},
        Disabled = #{record.disabled,jdbcType=INTEGER},
        Status = #{record.status,jdbcType=INTEGER},
        Token = #{record.token,jdbcType=VARCHAR},
        OrderID = #{record.orderid,jdbcType=VARCHAR},
        UseTime = #{record.usetime,jdbcType=TIMESTAMP},
        CreateTime = #{record.createtime,jdbcType=TIMESTAMP},
        CreateBy = #{record.createby,jdbcType=VARCHAR},
        UpdateTime = #{record.updatetime,jdbcType=TIMESTAMP},
        UpdateBy = #{record.updateby,jdbcType=VARCHAR}
        <if test="_parameter != null">
            <include refid="Update_By_Example_Where_Clause"/>
        </if>
    </update>
    <update id="updateByPrimaryKeySelective" parameterType="com.lenovo.m2.couponV2.dao.mybatis.model.Membercouponrels">
        <!--
          WARNING - @mbggenerated
          This element is automatically generated by MyBatis Generator, do not modify.
        -->
        update membercouponrels
        <set>
            <if test="memberid != null">
                MemberID = #{memberid,jdbcType=VARCHAR},
            </if>
            <if test="lenovoid != null">
                LenovoID = #{lenovoid,jdbcType=VARCHAR},
            </if>
            <if test="membercode != null">
                MemberCode = #{membercode,jdbcType=VARCHAR},
            </if>
            <if test="salescouponid != null">
                SalesCouponID = #{salescouponid,jdbcType=BIGINT},
            </if>
            <if test="usescope != null">
                UseScope = #{usescope,jdbcType=INTEGER},
            </if>
            <if test="couponcode != null">
                CouponCode = #{couponcode,jdbcType=VARCHAR},
            </if>
            <if test="shopid != null">
                ShopId = #{shopid,jdbcType=VARCHAR},
            </if>
            <if test="terminal != null">
                Terminal = #{terminal,jdbcType=VARCHAR},
            </if>
            <if test="name != null">
                Name = #{name,jdbcType=VARCHAR},
            </if>
            <if test="amount != null">
                Amount = #{amount,jdbcType=DECIMAL},
            </if>
            <if test="currencyCode != null">
                CurrencyCode = #{currencyCode,jdbcType=VARCHAR},
            </if>
            <if test="conditions != null">
                Conditions = #{conditions,jdbcType=DECIMAL},
            </if>
            <if test="type != null">
                Type = #{type,jdbcType=INTEGER},
            </if>
            <if test="fromtime != null">
                Fromtime = #{fromtime,jdbcType=TIMESTAMP},
            </if>
            <if test="totime != null">
                Totime = #{totime,jdbcType=TIMESTAMP},
            </if>
            <if test="eppgroup != null">
                EppGroup = #{eppgroup,jdbcType=VARCHAR},
            </if>
            <if test="totalnumber != null">
                TotalNumber = #{totalnumber,jdbcType=INTEGER},
            </if>
            <if test="surplusnumber != null">
                SurplusNumber = #{surplusnumber,jdbcType=INTEGER},
            </if>
            <if test="couponsource != null">
                CouponSource = #{couponsource,jdbcType=VARCHAR},
            </if>
            <if test="classificationname != null">
                ClassificationName = #{classificationname,jdbcType=VARCHAR},
            </if>
            <if test="classification != null">
                Classification = #{classification,jdbcType=INTEGER},
            </if>
            <if test="superposition != null">
                Superposition = #{superposition,jdbcType=INTEGER},
            </if>
            <if test="batchno != null">
                BatchNo = #{batchno,jdbcType=VARCHAR},
            </if>
            <if test="disabled != null">
                Disabled = #{disabled,jdbcType=INTEGER},
            </if>
            <if test="status != null">
                Status = #{status,jdbcType=INTEGER},
            </if>
            <if test="token != null">
                Token = #{token,jdbcType=VARCHAR},
            </if>
            <if test="orderid != null">
                OrderID = #{orderid,jdbcType=VARCHAR},
            </if>
            <if test="usetime != null">
                UseTime = #{usetime,jdbcType=TIMESTAMP},
            </if>
            <if test="createtime != null">
                CreateTime = #{createtime,jdbcType=TIMESTAMP},
            </if>
            <if test="createby != null">
                CreateBy = #{createby,jdbcType=VARCHAR},
            </if>
            <if test="updatetime != null">
                UpdateTime = #{updatetime,jdbcType=TIMESTAMP},
            </if>
            <if test="updateby != null">
                UpdateBy = #{updateby,jdbcType=VARCHAR},
            </if>
            <if test="description != null">
                Description = #{description,jdbcType=LONGVARCHAR},
            </if>
        </set>
        where ID = #{id,jdbcType=BIGINT}
    </update>
    <update id="updateByPrimaryKeyWithBLOBs" parameterType="com.lenovo.m2.couponV2.dao.mybatis.model.Membercouponrels">
        <!--
          WARNING - @mbggenerated
          This element is automatically generated by MyBatis Generator, do not modify.
        -->
        update membercouponrels
        set MemberID = #{memberid,jdbcType=VARCHAR},
        LenovoID = #{lenovoid,jdbcType=VARCHAR},
        MemberCode = #{membercode,jdbcType=VARCHAR},
        SalesCouponID = #{salescouponid,jdbcType=BIGINT},
        UseScope = #{usescope,jdbcType=INTEGER},
        CouponCode = #{couponcode,jdbcType=VARCHAR},
        ShopId = #{shopid,jdbcType=VARCHAR},
        Terminal = #{terminal,jdbcType=VARCHAR},
        Name = #{name,jdbcType=VARCHAR},
        Amount = #{amount,jdbcType=DECIMAL},
        CurrencyCode = #{currencyCode,jdbcType=VARCHAR},
        Conditions = #{conditions,jdbcType=DECIMAL},
        Type = #{type,jdbcType=INTEGER},
        Fromtime = #{fromtime,jdbcType=TIMESTAMP},
        Totime = #{totime,jdbcType=TIMESTAMP},
        EppGroup = #{eppgroup,jdbcType=VARCHAR},
        TotalNumber = #{totalnumber,jdbcType=INTEGER},
        SurplusNumber = #{surplusnumber,jdbcType=INTEGER},
        CouponSource = #{couponsource,jdbcType=VARCHAR},
        ClassificationName = #{classificationname,jdbcType=VARCHAR},
        Classification = #{classification,jdbcType=INTEGER},
        Superposition = #{superposition,jdbcType=INTEGER},
        BatchNo = #{batchno,jdbcType=VARCHAR},
        Disabled = #{disabled,jdbcType=INTEGER},
        Status = #{status,jdbcType=INTEGER},
        Token = #{token,jdbcType=VARCHAR},
        OrderID = #{orderid,jdbcType=VARCHAR},
        UseTime = #{usetime,jdbcType=TIMESTAMP},
        CreateTime = #{createtime,jdbcType=TIMESTAMP},
        CreateBy = #{createby,jdbcType=VARCHAR},
        UpdateTime = #{updatetime,jdbcType=TIMESTAMP},
        UpdateBy = #{updateby,jdbcType=VARCHAR},
        Description = #{description,jdbcType=LONGVARCHAR}
        where ID = #{id,jdbcType=BIGINT}
    </update>
    <update id="updateByPrimaryKey" parameterType="com.lenovo.m2.couponV2.dao.mybatis.model.Membercouponrels">
        <!--
          WARNING - @mbggenerated
          This element is automatically generated by MyBatis Generator, do not modify.
        -->
        update membercouponrels
        set MemberID = #{memberid,jdbcType=VARCHAR},
        LenovoID = #{lenovoid,jdbcType=VARCHAR},
        MemberCode = #{membercode,jdbcType=VARCHAR},
        SalesCouponID = #{salescouponid,jdbcType=BIGINT},
        UseScope = #{usescope,jdbcType=INTEGER},
        CouponCode = #{couponcode,jdbcType=VARCHAR},
        ShopId = #{shopid,jdbcType=VARCHAR},
        Terminal = #{terminal,jdbcType=VARCHAR},
        Name = #{name,jdbcType=VARCHAR},
        Amount = #{amount,jdbcType=DECIMAL},
        CurrencyCode = #{currencyCode,jdbcType=VARCHAR},
        Conditions = #{conditions,jdbcType=DECIMAL},
        Type = #{type,jdbcType=INTEGER},
        Fromtime = #{fromtime,jdbcType=TIMESTAMP},
        Totime = #{totime,jdbcType=TIMESTAMP},
        EppGroup = #{eppgroup,jdbcType=VARCHAR},
        TotalNumber = #{totalnumber,jdbcType=INTEGER},
        SurplusNumber = #{surplusnumber,jdbcType=INTEGER},
        CouponSource = #{couponsource,jdbcType=VARCHAR},
        ClassificationName = #{classificationname,jdbcType=VARCHAR},
        Classification = #{classification,jdbcType=INTEGER},
        Superposition = #{superposition,jdbcType=INTEGER},
        BatchNo = #{batchno,jdbcType=VARCHAR},
        Disabled = #{disabled,jdbcType=INTEGER},
        Status = #{status,jdbcType=INTEGER},
        Token = #{token,jdbcType=VARCHAR},
        OrderID = #{orderid,jdbcType=VARCHAR},
        UseTime = #{usetime,jdbcType=TIMESTAMP},
        CreateTime = #{createtime,jdbcType=TIMESTAMP},
        CreateBy = #{createby,jdbcType=VARCHAR},
        UpdateTime = #{updatetime,jdbcType=TIMESTAMP},
        UpdateBy = #{updateby,jdbcType=VARCHAR}
        where ID = #{id,jdbcType=BIGINT}
    </update>

    <!-- 分页查询 -->
    <select flushCache="false" id="getMemberCouponrelsPage" parameterType="map" resultMap="ResultMapWithBLOBs"
            useCache="true">
        SELECT
        <include refid="Base_Column_List"/>
        ,
        <include refid="Blob_Column_List"/>
        FROM membercouponrels t
        <if test="_parameter !=null">
            <where>
                <!--<if test="true">-->
                <!--and status = 0-->
                <!--</if>-->
                <if test="couponcode != null and couponcode!='' ">
                    and t.CouponCode = #{couponcode}
                </if>
                <if test="name != null and name!='' ">
                    and t.Name = #{name}
                </if>
                <if test="classificationname!=null and classificationname!=''">
                    and ClassificationName = #{classificationname}
                </if>
                <if test="lenovoid!=null and lenovoid!=''">
                    and LenovoID = #{lenovoid}
                </if>
                <if test="membercode!=null and membercode!=''">
                    and MemberCode = #{membercode}
                </if>
                <if test="usescope!=null">
                    and UseScope = #{usescope}
                </if>
                <if test="shopid!=null and shopid!=''">
                    and ShopId = #{shopid}
                </if>
                <if test="shopids!=null and shopids!=''">
                    and ShopId IN
                    <foreach close=")" collection="shopids" item="listItem" open="(" separator=",">
                        #{listItem}
                    </foreach>
                </if>
                <if test="terminal!=null">
                    and Terminal REGEXP #{terminal}
                </if>
                <if test="classification!=null ">
                    and Classification = #{classification}
                </if>
                <if test="fromtime!=null and fromtime!=''">
                    and DATE_FORMAT(Fromtime,'%Y-%m-%d') &gt;= #{fromtime}
                </if>
                <if test="totime!=null and totime!=''">
                    and DATE_FORMAT(Totime,'%Y-%m-%d') &lt;= #{totime}
                </if>
                <if test="totalnumber!=null">
                    and TotalNumber = #{totalnumber}
                </if>
                <if test="surplusnumber!=null">
                    and SurplusNumber = #{surplusnumber}
                </if>
                <if test="conditions!=null">
                    and Conditions = #{conditions}
                </if>
                <if test="disabled!=null">
                    and Disabled = #{disabled}
                </if>
                <if test="type!=null ">
                    and Type = #{type}
                </if>
                <if test="status != null">
                    and Status = #{status}
                </if>
                <if test="createtime_start!=null and createtime_start!=''">
                    and DATE_FORMAT(CreateTime,'%Y-%m-%d') &gt;= #{createtime_start}
                </if>
                <if test="createtime_end!=null and createtime_end!=''">
                    and DATE_FORMAT(CreateTime,'%Y-%m-%d') &lt;= #{createtime_end}
                </if>
                <!-- and totime > now() -->
            </where>
        </if>
        limit #{pageindex},#{pagesize}
    </select>

    <!-- 分页查询 -->
    <select flushCache="false" id="getMemberCouponrelsInfoPage" parameterType="map" resultMap="ResultMapWithBLOBs"
            useCache="true">
        SELECT
        <include refid="Base_Column_List"/>
        ,
        <include refid="Blob_Column_List"/>
        FROM membercouponrels t
        <if test="param2 !=null">
            <where>
                <!--<if test="true">-->
                <!--and status = 0-->
                <!--</if>-->
                <if test="param2.couponcode != null and param2.couponcode!='' ">
                    and t.CouponCode = #{param2.couponcode}
                </if>
                <if test="param2.name != null and param2.name!='' ">
                    and t.Name = #{param2.name}
                </if>
                <if test="param2.classificationname!=null and param2.classificationname!=''">
                    and ClassificationName = #{param2.classificationname}
                </if>
                <if test="param2.lenovoid!=null and param2.lenovoid!=''">
                    and LenovoID = #{param2.lenovoid}
                </if>
                <if test="param2.membercode!=null and param2.membercode!=''">
                    and MemberCode = #{param2.membercode}
                </if>
                <if test="param2.usescope!=null and param2.usescope!=''">
                    and UseScope = #{param2.usescope}
                </if>
                <if test="param2.shopid!=null and param2.shopid!=''">
                    and ShopId = #{param2.shopid}
                </if>
                <if test="param2.terminal!=null and param2.terminal!=''">
                    and Terminal REGEXP #{param2.terminal}
                </if>
                <if test="param2.classification!=null and param2.classification!='' ">
                    and Classification = #{param2.classification}
                </if>
                <if test="param2.fromtime!=null and param2.fromtime!=''">
                    and DATE_FORMAT(Fromtime,'%Y-%m-%d') &gt;= #{param2.fromtime}
                </if>
                <if test="param2.totime!=null and param2.totime!=''">
                    and DATE_FORMAT(Totime,'%Y-%m-%d') &lt;= #{param2.totime}
                </if>
                <if test="param2.totalnumber!=null and param2.totalnumber!=''">
                    and TotalNumber = #{param2.totalnumber}
                </if>
                <if test="param2.surplusnumber!=null and param2.surplusnumber!=''">
                    and SurplusNumber = #{param2.surplusnumber}
                </if>
                <if test="param2.conditions!=null and param2.conditions!=''">
                    and Conditions = #{param2.conditions}
                </if>
                <if test="param2.disabled!=null and param2.disabled!=''">
                    and Disabled = #{param2.disabled}
                </if>
                <if test="param2.type!=null and param2.type!=''">
                    and Type = #{param2.type}
                </if>
                <if test="param2.status!=null and param2.status ==0 ">
                    and Status = 0 and Totime &gt; now()
                </if>
                <if test="param2.status!=null and param2.status ==1 ">
                    and Status = 1
                </if>
                <if test="param2.status!=null and param2.status ==2 ">
                    and Status = 0 and Totime &lt;= now()
                </if>
                <if test="param2.createtime_start!=null and param2.createtime_start!=''">
                    and DATE_FORMAT(CreateTime,'%Y-%m-%d') &gt;= #{param2.createtime_start}
                </if>
                <if test="param2.createtime_end!=null and param2.createtime_end!=''">
                    and DATE_FORMAT(CreateTime,'%Y-%m-%d') &lt;= #{param2.createtime_end}
                </if>
                <!-- and totime > now() -->
            </where>
        </if>
        order by CreateTime desc
    </select>


    <!-- 查询 -->
    <select id="getMemberEffectiveCoupons" parameterType="map" resultMap="ResultMapWithBLOBs">
        select
            *
        from
            membercouponrels
        where
            LenovoID=#{lenovoid}
        and ShopId=#{shopid}
        <if test="terminal!=null and terminal!=''">
            and Terminal REGEXP #{terminal}
        </if>
        and SYSDATE() BETWEEN Fromtime and Totime
        and Disabled = 0
        and Status = 0;
    </select>

    <select id="getMemberAllEffectiveCoupons" parameterType="map" resultMap="ResultMapWithBLOBs">
        select
            <include refid="Base_Column_List"/>
            ,
            <include refid="Blob_Column_List"/>
        from
            membercouponrels
        where
            LenovoID=#{lenovoid}
        and ShopId=#{shopid}
        <if test="terminal!=null and terminal!=''">
            and Terminal REGEXP #{terminal}
        </if>
        and SYSDATE() &lt;= Totime
        and Disabled = 0
        order by CreateTime desc
    </select>

    <!-- 查询 -->
    <select id="getMembercouponrelsByShopidAndUsescope" parameterType="map" resultMap="ResultMapWithBLOBs">
        select
        <include refid="Base_Column_List"/>
        ,
        <include refid="Blob_Column_List"/>
        from membercouponrels
        where LenovoID=#{lenovoid}
        and ShopId=#{shopid}
        and UseScope = #{usescope}
        <!--and Terminal REGEXP #{terminal}-->
        and SYSDATE() BETWEEN Fromtime and Totime
        and Status = 0
        and Disabled=0;
    </select>
    <!-- 查询 -->
    <select id="getC2CMembercouponrelsByShopid" parameterType="map" resultMap="ResultMapWithBLOBs">
        select
        <include refid="Base_Column_List"/>
        ,
        <include refid="Blob_Column_List"/>
        from membercouponrels
        where LenovoID=#{lenovoid}
        and ShopId=#{shopid}
        and UseScope = 4
        <!--and Terminal REGEXP #{terminal}-->
        and SYSDATE() &lt; Totime
        and Status = 0
        and Disabled=0
        order by Amount desc ;
    </select>

    <!-- 根据主键ids查询 -->
    <select id="getMembercouponrelsListByIds" parameterType="map" resultMap="ResultMapWithBLOBs">
        select
        <include refid="Base_Column_List"/>,
        <include refid="Blob_Column_List"/>
        from membercouponrels
        where
        <if  test="shopId != null">
            ShopId=#{shopId} and
        </if>
        ID IN
        <foreach close=")" collection="ids" item="listItem" open="(" separator=",">
            #{listItem}
        </foreach>
    </select>
    <!-- 根据主键ids查询 -->
    <select id="getMembercouponrelsListByPOJOS" parameterType="java.util.List" resultMap="ResultMapWithBLOBs">
        select
        <include refid="Base_Column_List"/>
        from membercouponrels
        where

        ID IN
        <foreach close=")" collection="list" item="listItem" open="(" separator=",">
            #{listItem.id}
        </foreach>
    </select>
    <!-- 使用优惠券，更新状态为1 -->
    <update id="updateMembercouponrelsUsed" parameterType="map">
        update membercouponrels
        set
        Status = 1,
        Token = #{token},
        UseTime = now(),
        UpdateTime = now()
        where
        <if  test="shopId!= null">
            ShopId=#{shopId} and
        </if>
        ID in
        <foreach item="item" index="index" collection="ids" open="(" separator="," close=")">
            #{item}
        </foreach>
    </update>

    <!-- 返回优惠券，更新状态为0 -->
    <update id="updateMembercouponrelsReturn" parameterType="map">
        update membercouponrels
        set
        Status = 0,
        Token = #{token},
        UseTime = now(),
        UpdateTime = now()
        where
        <if  test="shopId != null">
            ShopId=#{shopId} and
        </if>
        ID in
        <foreach item="item" index="index" collection="ids" open="(" separator="," close=")">
            #{item}
        </foreach>
    </update>

    <!-- 批量插入 -->
    <insert id="insertBatch" parameterType="java.util.List">
        INSERT INTO membercouponrels (ID,LenovoID,
        MemberCode, SalesCouponID, UseScope,
        CouponCode, ShopId, Terminal,
        Name, Amount, CurrencyCode, Conditions,
        Type, Fromtime, Totime, EppGroup,
        TotalNumber, SurplusNumber, CouponSource,
        ClassificationName, Classification, Superposition,
        BatchNo, Disabled, Status,
        Token, OrderID, UseTime,
        CreateTime, CreateBy, UpdateTime,
        UpdateBy, Description)
        VALUES
        <foreach collection="list" index="index" item="item" separator=",">
            (#{item.id,jdbcType=BIGINT},#{item.lenovoid,jdbcType=VARCHAR},
            #{item.membercode,jdbcType=VARCHAR}, #{item.salescouponid,jdbcType=BIGINT}, #{item.usescope,jdbcType=INTEGER},
            #{item.couponcode,jdbcType=VARCHAR}, #{item.shopid,jdbcType=VARCHAR}, #{item.terminal,jdbcType=VARCHAR},
            #{item.name,jdbcType=VARCHAR}, #{item.amount,jdbcType=DECIMAL}, #{item.currencyCode,jdbcType=VARCHAR}, #{item.conditions,jdbcType=DECIMAL},
            #{item.type,jdbcType=INTEGER}, #{item.fromtime,jdbcType=TIMESTAMP}, #{item.totime,jdbcType=TIMESTAMP},
            #{item.eppgroup,jdbcType=VARCHAR}, #{item.totalnumber,jdbcType=INTEGER}, #{item.surplusnumber,jdbcType=INTEGER},
            #{item.couponsource,jdbcType=VARCHAR}, #{item.classificationname,jdbcType=VARCHAR}, #{item.classification,jdbcType=INTEGER},
            #{item.superposition,jdbcType=INTEGER},
            #{item.batchno,jdbcType=VARCHAR}, #{item.disabled,jdbcType=INTEGER}, #{item.status,jdbcType=INTEGER},
            #{item.token,jdbcType=VARCHAR}, #{item.orderid,jdbcType=VARCHAR}, #{item.usetime,jdbcType=TIMESTAMP},
            #{item.createtime,jdbcType=TIMESTAMP}, #{item.createby,jdbcType=VARCHAR}, #{item.updatetime,jdbcType=TIMESTAMP},
            #{item.updateby,jdbcType=VARCHAR}, #{item.description,jdbcType=LONGVARCHAR})
        </foreach>
    </insert>

    <!-- 查询数量 -->
    <select id="getMembercouponrelsCount" parameterType="map" resultType="java.lang.Integer">
        select
        count(1)
        from membercouponrels
        where LenovoID=#{lenovoid}
        and ShopId=#{shopid}
        <if test="status == 0 ">
            and Status = #{status} and Totime &gt; now()
        </if>
        <if test="status == 1 ">
            and Status = #{status}
        </if>
        <if test="status == 2 ">
            and Status = 0 and Totime &lt;= now()
        </if>
        and Disabled=0;
    </select>


    <!-- 查询优惠券已领取数量 -->
    <select id="getIsHaveSalesCouponsNum" parameterType="map" resultType="java.lang.Integer">
        select
            count(1)
        from membercouponrels
        where
            SalesCouponID=#{id}
    </select>

    <select id="getMemberCouponsStatus" parameterType="map" resultMap="ResultMapWithBLOBs">
        select LenovoID,Status,SalesCouponID,ShopId,MemberCode
        from membercouponrels
        where
        ShopId=#{shopId} and SalesCouponID=#{salesCouponId} and LenovoID=#{lenovoId}
    </select>


    <select id="getUserIshaveTheCoupon" parameterType="map" resultMap="ResultMapWithBLOBs">
        select
        MemberCode,LenovoID,SalesCouponID
        from membercouponrels
        where LenovoID=#{lenovoId} and MemberCode=#{memberCode,jdbcType=VARCHAR}
        AND SalesCouponID  IN
        <foreach close=")" collection="salesCouponIds" item="listItem" open="(" separator=",">
            #{listItem}
        </foreach>
    </select>
    <update id="updateMembercouponrels" parameterType="map">
        update
            membercouponrels
        set
            Status = #{status}
        where
            ID = #{id}
    </update>
    <select id="getMemberCouponsBySalesCouponId" parameterType="java.lang.Long" resultMap="ResultMapWithBLOBs">
        select
        <include refid="Base_Column_List"/>
        ,
        <include refid="Blob_Column_List"/>
        from membercouponrels
        where SalesCouponID = #{salesCouponId,jdbcType=BIGINT}
    </select>

        <select id="getlenovoIds" resultType="java.lang.String">

        SELECT distinct(LenovoID)
        FROM membercouponrels
    </select>
    <select id="getmemberCouponsbyLenovoId" resultMap="ResultMapWithBLOBs" parameterType="java.lang.String">

        SELECT
        <include refid="Base_Column_List"/>
        ,
        <include refid="Blob_Column_List"/>
        FROM membercouponrels  where LenovoID = #{lenovoId}
    </select>


    <!-- 批量插入返回ID -->
    <insert id="insertBatchGetIDs" parameterType="java.util.List" useGeneratedKeys="true" keyProperty="ID" >
        INSERT INTO membercouponrels (ID,LenovoID,
        MemberCode, SalesCouponID, UseScope,
        CouponCode, ShopId, Terminal,
        Name, Amount, CurrencyCode, Conditions,
        Type, Fromtime, Totime, EppGroup,
        TotalNumber, SurplusNumber, CouponSource,
        ClassificationName, Classification, Superposition,
        BatchNo, Disabled, Status,
        Token, OrderID, UseTime,
        CreateTime, CreateBy, UpdateTime,
        UpdateBy, Description)
        VALUES
        <foreach collection="list" index="index" item="item" separator=",">
            (#{item.id,jdbcType=BIGINT},#{item.lenovoid,jdbcType=VARCHAR},
            #{item.membercode,jdbcType=VARCHAR}, #{item.salescouponid,jdbcType=BIGINT}, #{item.usescope,jdbcType=INTEGER},
            #{item.couponcode,jdbcType=VARCHAR}, #{item.shopid,jdbcType=VARCHAR}, #{item.terminal,jdbcType=VARCHAR},
            #{item.name,jdbcType=VARCHAR}, #{item.amount,jdbcType=DECIMAL}, #{item.currencyCode,jdbcType=VARCHAR}, #{item.conditions,jdbcType=DECIMAL},
            #{item.type,jdbcType=INTEGER}, #{item.fromtime,jdbcType=TIMESTAMP}, #{item.totime,jdbcType=TIMESTAMP},
            #{item.eppgroup,jdbcType=VARCHAR}, #{item.totalnumber,jdbcType=INTEGER}, #{item.surplusnumber,jdbcType=INTEGER},
            #{item.couponsource,jdbcType=VARCHAR}, #{item.classificationname,jdbcType=VARCHAR}, #{item.classification,jdbcType=INTEGER},
            #{item.superposition,jdbcType=INTEGER},
            #{item.batchno,jdbcType=VARCHAR}, #{item.disabled,jdbcType=INTEGER}, #{item.status,jdbcType=INTEGER},
            #{item.token,jdbcType=VARCHAR}, #{item.orderid,jdbcType=VARCHAR}, #{item.usetime,jdbcType=TIMESTAMP},
            #{item.createtime,jdbcType=TIMESTAMP}, #{item.createby,jdbcType=VARCHAR}, #{item.updatetime,jdbcType=TIMESTAMP},
            #{item.updateby,jdbcType=VARCHAR}, #{item.description,jdbcType=LONGVARCHAR})
        </foreach>
    </insert>
<!--88888888888888888888888888888888888888888888888888888888888888888888888888888-->
    <!-- 批量插入 -->
    <insert id="insertBatchsharding" >
        INSERT INTO ${tableName} (ID,MemberID, LenovoID,
        MemberCode, SalesCouponID, UseScope,
        CouponCode, ShopId, Terminal,
        Name, Amount, CurrencyCode, Conditions,
        Type, Fromtime, Totime, EppGroup,
        TotalNumber, SurplusNumber, CouponSource,
        ClassificationName, Classification, Superposition,
        BatchNo, Disabled, Status,
        Token, OrderID, UseTime,
        CreateTime, CreateBy, UpdateTime,
        UpdateBy, Description)
        VALUES
        <foreach collection="list" index="index" item="item" separator=",">
            (
            #{item.id,jdbcType=BIGINT},
            #{item.memberid,jdbcType=VARCHAR}, #{item.lenovoid,jdbcType=VARCHAR},
            #{item.membercode,jdbcType=VARCHAR}, #{item.salescouponid,jdbcType=BIGINT}, #{item.usescope,jdbcType=INTEGER},
            #{item.couponcode,jdbcType=VARCHAR}, #{item.shopid,jdbcType=VARCHAR}, #{item.terminal,jdbcType=VARCHAR},
            #{item.name,jdbcType=VARCHAR}, #{item.amount,jdbcType=DECIMAL}, #{item.currencyCode,jdbcType=VARCHAR}, #{item.conditions,jdbcType=DECIMAL},
            #{item.type,jdbcType=INTEGER}, #{item.fromtime,jdbcType=TIMESTAMP}, #{item.totime,jdbcType=TIMESTAMP},
            #{item.eppgroup,jdbcType=VARCHAR}, #{item.totalnumber,jdbcType=INTEGER}, #{item.surplusnumber,jdbcType=INTEGER},
            #{item.couponsource,jdbcType=VARCHAR}, #{item.classificationname,jdbcType=VARCHAR}, #{item.classification,jdbcType=INTEGER},
            #{item.superposition,jdbcType=INTEGER},
            #{item.batchno,jdbcType=VARCHAR}, #{item.disabled,jdbcType=INTEGER}, #{item.status,jdbcType=INTEGER},
            #{item.token,jdbcType=VARCHAR}, #{item.orderid,jdbcType=VARCHAR}, #{item.usetime,jdbcType=TIMESTAMP},
            #{item.createtime,jdbcType=TIMESTAMP}, #{item.createby,jdbcType=VARCHAR}, #{item.updatetime,jdbcType=TIMESTAMP},
            #{item.updateby,jdbcType=VARCHAR}, #{item.description,jdbcType=LONGVARCHAR})
        </foreach>
    </insert>

    <update id="updateBatch" parameterType="java.util.List">



        <foreach    collection="list" index="index" item="record" separator=";">
            update membercouponrels
            <set>
                <if test="record.id != null">
                   ID = #{record.id,jdbcType=VARCHAR}
                </if>
                <if test="record.memberid != null">
                    , MemberID = #{record.memberid,jdbcType=VARCHAR}
                </if>
                <if test="record.lenovoid != null">
                    , LenovoID = #{record.lenovoid,jdbcType=VARCHAR}
                </if>
                <if test="record.membercode != null">
                    , MemberCode = #{record.membercode,jdbcType=VARCHAR}
                </if>
                <if test="record.salescouponid != null">
                    , SalesCouponID = #{record.salescouponid,jdbcType=BIGINT}
                </if>
                <if test="record.usescope != null">
                    , UseScope = #{record.usescope,jdbcType=INTEGER}
                </if>
                <if test="record.couponcode != null">
                    , CouponCode = #{record.couponcode,jdbcType=VARCHAR}
                </if>
                <if test="record.shopid != null">
                    , ShopId = #{record.shopid,jdbcType=VARCHAR}
                </if>
                <if test="record.terminal != null">
                    , Terminal = #{record.terminal,jdbcType=VARCHAR}
                </if>
                <if test="record.name != null">
                    , Name = #{record.name,jdbcType=VARCHAR}
                </if>
                <if test="record.amount != null">
                    , Amount = #{record.amount,jdbcType=DECIMAL}
                </if>
                <if test="record.currencyCode != null">
                    , CurrencyCode = #{record.currencyCode,jdbcType=VARCHAR}
                </if>
                <if test="record.conditions != null">
                    , Conditions = #{record.conditions,jdbcType=DECIMAL}
                </if>
                <if test="record.type != null">
                    , Type = #{record.type,jdbcType=INTEGER}
                </if>
                <if test="record.fromtime != null">
                    , Fromtime = #{record.fromtime,jdbcType=TIMESTAMP}
                </if>
                <if test="record.totime != null">
                    , Totime = #{record.totime,jdbcType=TIMESTAMP}
                </if>
                <if test="record.eppgroup != null">
                    , EppGroup = #{record.eppgroup,jdbcType=VARCHAR}
                </if>
                <if test="record.totalnumber != null">
                    , TotalNumber = #{record.totalnumber,jdbcType=INTEGER}
                </if>
                <if test="record.surplusnumber != null">
                    , SurplusNumber = #{record.surplusnumber,jdbcType=INTEGER}
                </if>
                <if test="record.couponsource != null">
                    , CouponSource = #{record.couponsource,jdbcType=VARCHAR}
                </if>
                <if test="record.classificationname != null">
                    , ClassificationName = #{record.classificationname,jdbcType=VARCHAR}
                </if>
                <if test="record.classification != null">
                    , Classification = #{record.classification,jdbcType=INTEGER}
                </if>
                <if test="record.superposition != null">
                    , Superposition = #{record.superposition,jdbcType=INTEGER}
                </if>
                <if test="record.batchno != null">
                    , BatchNo = #{record.batchno,jdbcType=VARCHAR}
                </if>
                <if test="record.disabled != null">
                    , Disabled = #{record.disabled,jdbcType=INTEGER}
                </if>
                <if test="record.status != null">
                    , Status = #{record.status,jdbcType=INTEGER}
                </if>
                <if test="record.token != null">
                    , Token = #{record.token,jdbcType=VARCHAR}
                </if>
                <if test="record.orderid != null">
                    , OrderID = #{record.orderid,jdbcType=VARCHAR}
                </if>
                <if test="record.usetime != null">
                    , UseTime = #{record.usetime,jdbcType=TIMESTAMP}
                </if>
                <if test="record.createtime != null">
                    , CreateTime = #{record.createtime,jdbcType=TIMESTAMP}
                </if>
                <if test="record.createby != null">
                    , CreateBy = #{record.createby,jdbcType=VARCHAR}
                </if>
                <if test="record.updatetime != null">
                    , UpdateTime = #{record.updatetime,jdbcType=TIMESTAMP}
                </if>
                <if test="record.updateby != null">
                    , UpdateBy = #{record.updateby,jdbcType=VARCHAR}
                </if>
                <if test="record.description != null">
                    , Description = #{record.description,jdbcType=LONGVARCHAR}
                </if>

            </set>
            where ID =#{record.id}
        </foreach>
    </update>

    <update id="updateByPrimaryKeySelectiveSharding">
        <!--
          WARNING - @mbggenerated
          This element is automatically generated by MyBatis Generator, do not modify.
        -->
        update ${tableName}
        <set>
            <if test="record.disabled != null">
                Disabled = #{record.disabled,jdbcType=INTEGER},
            </if>

            <if test="record.updatetime != null">
                UpdateTime = #{record.updatetime,jdbcType=TIMESTAMP},
            </if>
            <if test="record.updateby != null">
                UpdateBy = #{record.updateby,jdbcType=VARCHAR},
            </if>
        </set>
        where ID = #{record.id,jdbcType=BIGINT}
    </update>

    <select id="getIsHaveSalesCouponsNumSharding"  resultType="java.lang.Integer">
        select
        count(1)
        from ${tableName}
        where
        SalesCouponID=#{map.id}
    </select>
    <select id="getMemberCouponrelsConditions" resultMap="ResultMapWithBLOBs">
        SELECT
        <include refid="Base_Column_List"/>
        ,
        <include refid="Blob_Column_List"/>
        FROM ${tableName}
        <if test="param2 !=null">
            <where>
                <if test="param2.couponcode != null and param2.couponcode!='' ">
                    and CouponCode = #{param2.couponcode}
                </if>
                <if test="param2.name != null and param2.name!='' ">
                    and Name = #{param2.name}
                </if>
                <if test="param2.classificationname!=null and param2.classificationname!=''">
                    and ClassificationName = #{param2.classificationname}
                </if>
                <if test="param2.lenovoid!=null and param2.lenovoid!=''">
                    and LenovoID = #{param2.lenovoid}
                </if>
                <if test="param2.membercode!=null and param2.membercode!=''">
                    and MemberCode = #{param2.membercode}
                </if>
                <if test="param2.usescope!=null and param2.usescope!=''">
                    and UseScope = #{param2.usescope}
                </if>
                <if test="param2.shopid!=null and param2.shopid!=''">
                    and ShopId = #{param2.shopid}
                </if>
                <if test="param2.terminal!=null and param2.terminal!=''">
                    and Terminal REGEXP #{param2.terminal}
                </if>
                <if test="param2.classification!=null and param2.classification!='' ">
                    and Classification = #{param2.classification}
                </if>
                <if test="param2.fromtime!=null and param2.fromtime!=''">
                    and DATE_FORMAT(Fromtime,'%Y-%m-%d') &gt;= #{param2.fromtime}
                </if>
                <if test="param2.totime!=null and param2.totime!=''">
                    and DATE_FORMAT(Totime,'%Y-%m-%d') &lt;= #{param2.totime}
                </if>
                <if test="param2.totalnumber!=null and param2.totalnumber!=''">
                    and TotalNumber = #{param2.totalnumber}
                </if>
                <if test="param2.surplusnumber!=null and param2.surplusnumber!=''">
                    and SurplusNumber = #{param2.surplusnumber}
                </if>
                <if test="param2.conditions!=null and param2.conditions!=''">
                    and Conditions = #{param2.conditions}
                </if>
                <if test="param2.disabled!=null and param2.disabled!=''">
                    and Disabled = #{param2.disabled}
                </if>
                <if test="param2.type!=null and param2.type!=''">
                    and Type = #{param2.type}
                </if>
                <if test="param2.status!=null and param2.status ==0 ">
                    and Status = 0 and Totime &gt; now()
                </if>
                <if test="param2.status!=null and param2.status ==1 ">
                    and Status = 1
                </if>
                <if test="param2.status!=null and param2.status ==2 ">
                    and Status = 0 and Totime &lt;= now()
                </if>
                <if test="param2.createtime_start!=null and param2.createtime_start!=''">
                    and DATE_FORMAT(CreateTime,'%Y-%m-%d') &gt;= #{param2.createtime_start}
                </if>
                <if test="param2.createtime_end!=null and param2.createtime_end!=''">
                    and DATE_FORMAT(CreateTime,'%Y-%m-%d') &lt;= #{param2.createtime_end}
                </if>
                <if test="param2.salecouponsId!=null and param2.salecouponsId!=''">
                    and SalesCouponID = #{param2.salecouponsId}
                </if>
            </where>
        </if>
    </select>


    <!-- 分页查询 -->
    <select flushCache="false" id="getMemberCouponrelsInfoPageSharding" resultType="java.lang.Integer" resultMap="ResultMapWithBLOBs"
            useCache="true">
        SELECT
        <include refid="Base_Column_List"/>
        ,
        <include refid="Blob_Column_List"/>
        FROM ${tableName}
        <if test="param3 !=null">
            <where>

                <if test="param3.couponcode != null and param3.couponcode!='' ">
                    and CouponCode = #{param3.couponcode}
                </if>
                <if test="param3.name != null and param3.name!='' ">
                    and Name = #{param3.name}
                </if>
                <if test="param3.classificationname!=null and param3.classificationname!=''">
                    and ClassificationName = #{param3.classificationname}
                </if>
                <if test="param3.lenovoid!=null and param3.lenovoid!=''">
                    and LenovoID = #{param3.lenovoid}
                </if>
                <if test="param3.membercode!=null and param3.membercode!=''">
                    and MemberCode = #{param3.membercode}
                </if>
                <if test="param3.usescope!=null and param3.usescope!=''">
                    and UseScope = #{param3.usescope}
                </if>
                <if test="param3.shopid!=null and param3.shopid!=''">
                    and ShopId = #{param3.shopid}
                </if>
                <if test="param3.terminal!=null and param3.terminal!=''">
                    and Terminal REGEXP #{param3.terminal}
                </if>
                <if test="param3.classification!=null and param3.classification!='' ">
                    and Classification = #{param3.classification}
                </if>
                <if test="param3.fromtime!=null and param3.fromtime!=''">
                    and DATE_FORMAT(Fromtime,'%Y-%m-%d') &gt;= #{param3.fromtime}
                </if>
                <if test="param3.totime!=null and param3.totime!=''">
                    and DATE_FORMAT(Totime,'%Y-%m-%d') &lt;= #{param3.totime}
                </if>
                <if test="param3.totalnumber!=null and param3.totalnumber!=''">
                    and TotalNumber = #{param3.totalnumber}
                </if>
                <if test="param3.surplusnumber!=null and param3.surplusnumber!=''">
                    and SurplusNumber = #{param3.surplusnumber}
                </if>
                <if test="param3.conditions!=null and param3.conditions!=''">
                    and Conditions = #{param3.conditions}
                </if>
                <if test="param3.disabled!=null and param3.disabled!=''">
                    and Disabled = #{param3.disabled}
                </if>
                <if test="param3.type!=null and param3.type!=''">
                    and Type = #{param3.type}
                </if>
                <if test="param3.status!=null and param3.status ==0 ">
                    and Status = 0 and Totime &gt; now()
                </if>
                <if test="param3.status!=null and param3.status ==1 ">
                    and Status = 1
                </if>
                <if test="param3.status!=null and param3.status ==2 ">
                    and Status = 0 and Totime &lt;= now()
                </if>
                <if test="param3.createtime_start!=null and param3.createtime_start!=''">
                    and DATE_FORMAT(CreateTime,'%Y-%m-%d') &gt;= #{param3.createtime_start}
                </if>
                <if test="param3.createtime_end!=null and param3.createtime_end!=''">
                    and DATE_FORMAT(CreateTime,'%Y-%m-%d') &lt;= #{param3.createtime_end}
                </if>
            </where>
        </if>
        order by CreateTime desc
    </select>

    <!-- 查询数量 -->
    <select id="getMembercouponrelsCountSharding"  resultType="java.lang.Integer">
        select
        count(1)
        from ${tableName}
        where LenovoID=#{param2.lenovoid}
        and ShopId=#{param2.shopid}
        <if test="param2.status == 0 ">
            and Status = #{param2.status} and Totime &gt; now()
        </if>
        <if test="param2.status == 1 ">
            and Status = #{param2.status}
        </if>
        <if test="param2.status == 2 ">
            and Status = 0 and Totime &lt;= now()
        </if>
        and Disabled=0;
    </select>
    <!-- 查询 -->
    <select id="getMemberEffectiveCouponsSharding" parameterType="map" resultMap="ResultMapWithBLOBs">
        select
        *
        from
        ${tableName}
        where
        LenovoID=#{param2.lenovoid}
        and ShopId=#{param2.shopid}
        <if test="param2.terminal!=null and param2.terminal!=''">
            and Terminal REGEXP #{param2.terminal}
        </if>
        and SYSDATE() BETWEEN Fromtime and Totime
        and Disabled = 0
        and Status = 0;
    </select>
    <!-- 根据主键ids查询 -->
    <select id="getMembercouponrelsListByIdsSharding" parameterType="map" resultMap="ResultMapWithBLOBs">
        select
        <include refid="Base_Column_List"/>,
        <include refid="Blob_Column_List"/>

        from ${tableName}
        where
        <if  test="param2.shopId != null">
            ShopId=#{param2.shopId} and
        </if>
        ID IN
        <foreach close=")" collection="param2.ids" item="listItem" open="(" separator=",">
            #{listItem}
        </foreach>
    </select>
    <!-- 使用优惠券，更新状态为1 -->
    <update id="updateMembercouponrelsUsedSharding" parameterType="map">
        update ${tableName}
        set
        Status = 1,
        Token = #{param2.token},
        UseTime = now(),
        UpdateTime = now()
        where
        <if  test="param2.shopId!= null">
            ShopId=#{param2.shopId} and
        </if>
        ID in
        <foreach item="item" index="index" collection="param2.ids" open="(" separator="," close=")">
            #{item}
        </foreach>
    </update>


    <!-- 返回优惠券，更新状态为0 -->
    <update id="updateMembercouponrelsReturnSharding" parameterType="map">
        update ${tableName}
        set
        Status = 0,
        Token = #{param2.token},
        UseTime = now(),
        UpdateTime = now()
        where
        <if  test="param2.shopId != null">
            ShopId=#{param2.shopId} and
        </if>
        ID in
        <foreach item="item" index="index" collection="param2.ids" open="(" separator="," close=")">
            #{item}
        </foreach>
    </update>


    <select id="getUserIshaveTheCouponSharding" parameterType="map" resultMap="ResultMapWithBLOBs">
        select
        MemberCode,LenovoID,SalesCouponID
        from ${tableName}
        where LenovoID=#{param2.lenovoId} and MemberCode=#{param2.memberCode,jdbcType=VARCHAR}
        AND SalesCouponID  IN
        <foreach close=")" collection="param2.salesCouponIds" item="listItem" open="(" separator=",">
            #{listItem}
        </foreach>
    </select>

    <select id="getMemberAllEffectiveCouponsSharding" parameterType="map" resultMap="ResultMapWithBLOBs">
        select
        <include refid="Base_Column_List"/>
        ,
        <include refid="Blob_Column_List"/>
        from
        ${tableName}
        where
        LenovoID=#{param2.lenovoid}
        and ShopId=#{param2.shopid}
        <if test="param2.terminal!=null and param2.terminal!=''">
            and Terminal REGEXP #{param2.terminal}
        </if>
        and SYSDATE() &lt;= Totime
        and Disabled = 0
        order by CreateTime desc
    </select>
    <!-- 批量插入 -->
    <insert id="insertBatchMembercouponrelsSharding" parameterType="java.util.List">
        INSERT INTO membercouponrels (ID,MemberID, LenovoID,
        MemberCode, SalesCouponID, UseScope,
        CouponCode, ShopId, Terminal,
        Name, Amount, CurrencyCode, Conditions,
        Type, Fromtime, Totime, EppGroup,
        TotalNumber, SurplusNumber, CouponSource,
        ClassificationName, Classification, Superposition,
        BatchNo, Disabled, Status,
        Token, OrderID, UseTime,
        CreateTime, CreateBy, UpdateTime,
        UpdateBy, Description)
        VALUES
        <foreach collection="list" index="index" item="item" separator=",">
            (#{item.id,jdbcType=BIGINT},#{item.memberid,jdbcType=VARCHAR}, #{item.lenovoid,jdbcType=VARCHAR},
            #{item.membercode,jdbcType=VARCHAR}, #{item.salescouponid,jdbcType=BIGINT}, #{item.usescope,jdbcType=INTEGER},
            #{item.couponcode,jdbcType=VARCHAR}, #{item.shopid,jdbcType=VARCHAR}, #{item.terminal,jdbcType=VARCHAR},
            #{item.name,jdbcType=VARCHAR}, #{item.amount,jdbcType=DECIMAL}, #{item.currencyCode,jdbcType=VARCHAR}, #{item.conditions,jdbcType=DECIMAL},
            #{item.type,jdbcType=INTEGER}, #{item.fromtime,jdbcType=TIMESTAMP}, #{item.totime,jdbcType=TIMESTAMP},
            #{item.eppgroup,jdbcType=VARCHAR}, #{item.totalnumber,jdbcType=INTEGER}, #{item.surplusnumber,jdbcType=INTEGER},
            #{item.couponsource,jdbcType=VARCHAR}, #{item.classificationname,jdbcType=VARCHAR}, #{item.classification,jdbcType=INTEGER},
            #{item.superposition,jdbcType=INTEGER},
            #{item.batchno,jdbcType=VARCHAR}, #{item.disabled,jdbcType=INTEGER}, #{item.status,jdbcType=INTEGER},
            #{item.token,jdbcType=VARCHAR}, #{item.orderid,jdbcType=VARCHAR}, #{item.usetime,jdbcType=TIMESTAMP},
            #{item.createtime,jdbcType=TIMESTAMP}, #{item.createby,jdbcType=VARCHAR}, #{item.updatetime,jdbcType=TIMESTAMP},
            #{item.updateby,jdbcType=VARCHAR}, #{item.description,jdbcType=LONGVARCHAR})
        </foreach>
    </insert>
</mapper>