<?xml version="1.0" encoding="UTF-8"?>
<!DOCTYPE mapper PUBLIC "-//mybatis.org//DTD Mapper 3.0//EN" "http://mybatis.org/dtd/mybatis-3-mapper.dtd">
<mapper namespace="com.lenovo.m2.couponV2.dao.mybatis.mapper.OneKeyToReceiveMapper">
  <resultMap id="BaseResultMap" type="com.lenovo.m2.couponV2.dao.mybatis.model.OneKeyToReceive">

  </resultMap>
  <sql id="Base_Column_List">
   activity_name,activity_type,salecoupons_id,from_time,to_time,create_by,create_time,update_time,update_time
  </sql>

  <select id="getActivityName"  parameterType="java.lang.String" resultType="com.lenovo.m2.couponV2.dao.mybatis.model.OneKeyToReceive">
    SELECT
    o.id
    FROM one_key_to_receive o
    where o.activity_name = #{activityName} AND o.is_delete = 0

  </select>


  <delete id="deleteReceiveActivity" >
    UPDATE  one_key_to_receive set update_time=sysdate(),update_by=#{itcode},is_delete = 1
    where id in
    <foreach open="(" collection="ids" index="index" item="item" separator="," close=")">
      #{item}
    </foreach>

  </delete>


  <select id="getReceiveActivity" resultType="com.lenovo.m2.couponV2.dao.mybatis.model.OneKeyToReceive" >
    SELECT
DISTINCT
    o.id ,o.activity_name as activityName,o.activity_type as activityType,o.salecoupons_id as salecouponsIds,o.from_time as activityfromTime,o.to_time as activitytoTime,
    o.create_by as oneKeyCreateby,o.create_time as oneKeyCreateTime,o.useable

    FROM one_key_to_receive o,salescoupons s
    <if test="param2 !=null">
      <where>
        And o.is_delete = 0
        <if test="param2.activitiystarttime!=null and param2.activitiystarttime!=''">
          and DATE_FORMAT(o.from_time,'%Y-%m-%d') &gt;= #{param2.activitiystarttime}
        </if>
        <if test="param2.activitiytotime!=null and param2.activitiytotime!=''">
          and DATE_FORMAT(o.to_time,'%Y-%m-%d') &lt;= #{param2.activitiytotime}
        </if>

        <if test="param2.activityname!=null and param2.activityname!=''">
          and o.activity_name LIKE CONCAT(CONCAT('%',#{param2.activityname},'%'))
        </if>
        <if test="param2.couponsname!=null and param2.couponsname!=''">
          and s.Name LIKE CONCAT(CONCAT('%',#{param2.couponsname},'%'))
          and o.salecoupons_id LIKE CONCAT(CONCAT('%',s.ID,'%'))
        </if>
      </where>
      ORDER  BY  o.update_time desc
    </if>

  </select>

  <select id="getReceiveActivityByCondityon" resultType="com.lenovo.m2.couponV2.dao.mybatis.model.OneKeyToReceive" >
    SELECT
    o.id ,o.activity_name as activityName,o.activity_type as activityType,o.salecoupons_id as salecouponsIds,o.from_time as activityfromTime,o.to_time as activitytoTime,
    o.create_by as oneKeyCreateby,o.create_time as oneKeyCreateTime,o.useable

    FROM one_key_to_receive o
    <if test="param2 !=null">
      <where>
        And o.is_delete = 0
        <if test="param2.activitiystarttime!=null and param2.activitiystarttime!=''">
          and DATE_FORMAT(o.from_time,'%Y-%m-%d') &gt;= #{param2.activitiystarttime}
        </if>
        <if test="param2.activitiytotime!=null and param2.activitiytotime!=''">
          and DATE_FORMAT(o.to_time,'%Y-%m-%d') &lt;= #{param2.activitiytotime}
        </if>
        <if test="param2.activityname!=null and param2.activityname!=''">
          and o.activity_name LIKE CONCAT(CONCAT('%',#{param2.activityname},'%'))
        </if>
      </where>
      ORDER  BY  o.update_time desc
    </if>

  </select>
  <select id="getReceiveActivityForBinds" resultType="com.lenovo.m2.couponV2.dao.mybatis.model.OneKeyToReceive" >
    SELECT
    DISTINCT
    o.id ,o.activity_name as activityName,o.activity_type as activityType,o.salecoupons_id as salecouponsIds,o.from_time as activityfromTime,o.to_time as activitytoTime,
    o.create_by as oneKeyCreateby,o.create_time as oneKeyCreateTime,o.useable

    FROM one_key_to_receive o WHERE activity_type=#{activityType} AND   o.is_delete = 0 AND o.useable =1

  </select>
  <select id="confirmUserIfJoinTheAcitity" resultType="java.lang.String">
    SELECT r.receive_time
    FROM receive_to_lenovoids r
    WHERE lenovoid=#{lenovoId} AND activity_type = #{activityType} AND activity_name=#{activityName}
  </select>

  <select id="getActivityInfoById" resultType="com.lenovo.m2.couponV2.dao.mybatis.model.OneKeyToReceive" parameterType="java.lang.Long">
    SELECT o.id ,o.activity_name as activityName,o.activity_type as activityType,o.salecoupons_id as salecouponsIds,o.from_time as activityfromTime,o.to_time as activitytoTime,o.create_by as oneKeyCreateby,
    o.create_time as oneKeyCreateTime,useable
    FROM one_key_to_receive o
    WHERE o.id=#{id}
  </select>

  <insert id="addReceiveActivity" parameterType="com.lenovo.m2.couponV2.dao.mybatis.model.OneKeyToReceive">

    INSERT  INTO  one_key_to_receive (activity_name,activity_type,salecoupons_id,from_time,to_time,create_by,create_time,useable,update_by,update_time) VALUES

      (#{activityName},#{activityType},#{salecouponsIds},#{activityfromTime},#{activitytoTime},#{oneKeyCreateby},#{oneKeyCreateTime},#{useable},#{oneKeyUpdateby},#{oneKeyUpdateTime})

  </insert>

  <update id="editReceiveActivity" parameterType="com.lenovo.m2.couponV2.dao.mybatis.model.OneKeyToReceive">

    UPDATE  one_key_to_receive
    <set>
      <if test="activityName!=null and activityName!=''">
        activity_name = #{activityName},
      </if>
      <if test="activityType!=null and activityType!=''">
        activity_type = #{activityType},
      </if>
      <if test="salecouponsIds!=null and salecouponsIds!=''">
        salecoupons_id = #{salecouponsIds},
      </if>
      <if test="activityfromTime!=null and activityfromTime!=''">
        from_time = #{activityfromTime},
      </if>
      <if test="activitytoTime!=null and activitytoTime!=''">
        to_time = #{activitytoTime},
      </if>
      <if test="oneKeyUpdateby!=null and oneKeyUpdateby!=''">
        update_by = #{oneKeyUpdateby},
      </if>
      <if test="oneKeyUpdateTime!=null and oneKeyUpdateTime!=''">
        update_time = #{oneKeyUpdateTime},
      </if>
      <if test="useable!=null">
        useable = #{useable}
      </if>
    </set>
    WHERE id = #{id}

  </update>

  <insert id="saveOnekeygetinfo" parameterType="java.util.Map">

    INSERT  INTO  receive_to_lenovoids (activity_type,lenovoid,receive_time,activity_name)
    VALUES
      (#{activityType},#{lenovoId},sysdate(),#{activityName})
  </insert>

  <update id="setOnekeyUseable">
    UPDATE one_key_to_receive set useable = #{useable},update_by = #{itcode},update_time = sysdate()  WHERE  id = #{id}
  </update>
  <select id="selectAnyActivityIsHolding" resultType="java.lang.Integer">
    SELECT COUNT(*) FROM one_key_to_receive WHERE  is_delete = 0 and useable =1
  </select>
</mapper>