<?xml version="1.0" encoding="UTF-8" ?>
<!DOCTYPE mapper PUBLIC "-//mybatis.org//DTD Mapper 3.0//EN" "http://mybatis.org/dtd/mybatis-3-mapper.dtd" >
<mapper namespace="com.lenovo.m2.couponV2.dao.mybatis.mapper1.OrdermainsMapper" >
  <resultMap id="BaseResultMap" type="com.lenovo.m2.couponV2.dao.mybatis.model.Ordermains" >
    <id column="ID" property="id" jdbcType="CHAR" />
    <result column="Source" property="source" jdbcType="INTEGER" />
    <result column="PayOrderNo" property="payorderno" jdbcType="VARCHAR" />
    <result column="OrderMainCode" property="ordermaincode" jdbcType="VARCHAR" />
    <result column="OrderCode" property="ordercode" jdbcType="VARCHAR" />
    <result column="Vkorg" property="vkorg" jdbcType="VARCHAR" />
    <result column="SalesChannel" property="saleschannel" jdbcType="VARCHAR" />
    <result column="MemberID" property="memberid" jdbcType="CHAR" />
    <result column="MemberCode" property="membercode" jdbcType="VARCHAR" />
    <result column="C1LenovoID" property="c1lenovoid" jdbcType="VARCHAR" />
    <result column="TypeID" property="typeid" jdbcType="CHAR" />
    <result column="OrderAddType" property="orderaddtype" jdbcType="INTEGER" />
    <result column="SalesOrderType" property="salesordertype" jdbcType="INTEGER" />
    <result column="CostItem" property="costitem" jdbcType="DECIMAL" />
    <result column="AmountMoney" property="amountmoney" jdbcType="DECIMAL" />
    <result column="GiveawayCost" property="giveawaycost" jdbcType="DECIMAL" />
    <result column="GiveawayTotal" property="giveawaytotal" jdbcType="DECIMAL" />
    <result column="VoucherTotalAmount" property="vouchertotalamount" jdbcType="DECIMAL" />
    <result column="GiftCardTotalAmount" property="giftcardtotalamount" jdbcType="DECIMAL" />
    <result column="CreditTotal" property="credittotal" jdbcType="INTEGER" />
    <result column="PayStatus" property="paystatus" jdbcType="INTEGER" />
    <result column="PayDatetime" property="paydatetime" jdbcType="TIMESTAMP" />
    <result column="ExpectDate" property="expectdate" jdbcType="TIMESTAMP" />
    <result column="Augru" property="augru" jdbcType="VARCHAR" />
    <result column="PaymentDay" property="paymentday" jdbcType="VARCHAR" />
    <result column="BizType" property="biztype" jdbcType="VARCHAR" />
    <result column="IsDelivery" property="isdelivery" jdbcType="BIT" />
    <result column="IsTax" property="istax" jdbcType="BIT" />
    <result column="TaxContent" property="taxcontent" jdbcType="VARCHAR" />
    <result column="TaxCompany" property="taxcompany" jdbcType="VARCHAR" />
    <result column="ShipStatus" property="shipstatus" jdbcType="INTEGER" />
    <result column="status" property="status" jdbcType="INTEGER" />
    <result column="Isreturn" property="isreturn" jdbcType="INTEGER" />
    <result column="MarkText" property="marktext" jdbcType="VARCHAR" />
    <result column="MemberDesc" property="memberdesc" jdbcType="VARCHAR" />
    <result column="Addonstr" property="addonstr" jdbcType="VARCHAR" />
    <result column="OrderRefer" property="orderrefer" jdbcType="VARCHAR" />
    <result column="ReturnGoodsRemark" property="returngoodsremark" jdbcType="VARCHAR" />
    <result column="FAtype" property="fatype" jdbcType="INTEGER" />
    <result column="FAID" property="faid" jdbcType="CHAR" />
    <result column="FAName" property="faname" jdbcType="VARCHAR" />
    <result column="IsQualified" property="isqualified" jdbcType="BIT" />
    <result column="isAbnormal" property="isabnormal" jdbcType="VARCHAR" />
    <result column="hasComment" property="hascomment" jdbcType="VARCHAR" />
    <result column="CreateTime" property="createtime" jdbcType="TIMESTAMP" />
    <result column="CreateBy" property="createby" jdbcType="VARCHAR" />
    <result column="UpdateTime" property="updatetime" jdbcType="TIMESTAMP" />
    <result column="UpdateBy" property="updateby" jdbcType="VARCHAR" />
    <result column="UsedLeDouNum" property="usedledounum" jdbcType="INTEGER" />
    <result column="RewardLeDouNum" property="rewardledounum" jdbcType="INTEGER" />
    <result column="MerchantId" property="merchantid" jdbcType="INTEGER" />
    <result column="Enterprise" property="enterprise" jdbcType="VARCHAR" />
    <result column="EnrolledGroup" property="enrolledgroup" jdbcType="VARCHAR" />
    <result column="ContractNo" property="contractno" jdbcType="VARCHAR" />
    <result column="InnerBuyMoney" property="innerbuymoney" jdbcType="DECIMAL" />
    <result column="Commission" property="commission" jdbcType="DECIMAL" />
    <result column="EnterpriseCode" property="enterprisecode" jdbcType="VARCHAR" />
    <result column="RaiseId" property="raiseid" jdbcType="VARCHAR" />
    <result column="RaiseModeId" property="raisemodeid" jdbcType="VARCHAR" />
    <result column="LenovoID" property="lenovoid" jdbcType="VARCHAR" />
    <result column="FullReduce" property="fullreduce" jdbcType="DECIMAL" />
  </resultMap>
  <resultMap id="ResultMapWithBLOBs" type="com.lenovo.m2.couponV2.dao.mybatis.model.OrdermainsWithBLOBs" extends="BaseResultMap" >
    <result column="Note" property="note" jdbcType="LONGVARCHAR" />
    <result column="PaymentType" property="paymenttype" jdbcType="LONGVARCHAR" />
    <result column="TaxType" property="taxtype" jdbcType="LONGVARCHAR" />
    <result column="ReturnGoodsReason" property="returngoodsreason" jdbcType="LONGVARCHAR" />
    <result column="CustomerManagerCode" property="customermanagercode" jdbcType="LONGVARCHAR" />
    <result column="OrderExtend" property="orderextend" jdbcType="LONGVARCHAR" />
  </resultMap>
  <sql id="Example_Where_Clause" >
    <where >
      <foreach collection="oredCriteria" item="criteria" separator="or" >
        <if test="criteria.valid" >
          <trim prefix="(" suffix=")" prefixOverrides="and" >
            <foreach collection="criteria.criteria" item="criterion" >
              <choose >
                <when test="criterion.noValue" >
                  and ${criterion.condition}
                </when>
                <when test="criterion.singleValue" >
                  and ${criterion.condition} #{criterion.value}
                </when>
                <when test="criterion.betweenValue" >
                  and ${criterion.condition} #{criterion.value} and #{criterion.secondValue}
                </when>
                <when test="criterion.listValue" >
                  and ${criterion.condition}
                  <foreach collection="criterion.value" item="listItem" open="(" close=")" separator="," >
                    #{listItem}
                  </foreach>
                </when>
              </choose>
            </foreach>
          </trim>
        </if>
      </foreach>
    </where>
  </sql>
  <sql id="Update_By_Example_Where_Clause" >
    <where >
      <foreach collection="example.oredCriteria" item="criteria" separator="or" >
        <if test="criteria.valid" >
          <trim prefix="(" suffix=")" prefixOverrides="and" >
            <foreach collection="criteria.criteria" item="criterion" >
              <choose >
                <when test="criterion.noValue" >
                  and ${criterion.condition}
                </when>
                <when test="criterion.singleValue" >
                  and ${criterion.condition} #{criterion.value}
                </when>
                <when test="criterion.betweenValue" >
                  and ${criterion.condition} #{criterion.value} and #{criterion.secondValue}
                </when>
                <when test="criterion.listValue" >
                  and ${criterion.condition}
                  <foreach collection="criterion.value" item="listItem" open="(" close=")" separator="," >
                    #{listItem}
                  </foreach>
                </when>
              </choose>
            </foreach>
          </trim>
        </if>
      </foreach>
    </where>
  </sql>
  <sql id="Base_Column_List" >
    ID, Source, PayOrderNo, OrderMainCode, OrderCode, Vkorg, SalesChannel, MemberID, 
    MemberCode, C1LenovoID, TypeID, OrderAddType, SalesOrderType, CostItem, AmountMoney, 
    GiveawayCost, GiveawayTotal, VoucherTotalAmount, GiftCardTotalAmount, CreditTotal, 
    PayStatus, PayDatetime, ExpectDate, Augru, PaymentDay, BizType, IsDelivery, IsTax, 
    TaxContent, TaxCompany, ShipStatus, status, Isreturn, MarkText, MemberDesc, Addonstr, 
    OrderRefer, ReturnGoodsRemark, FAtype, FAID, FAName, IsQualified, isAbnormal, hasComment, 
    CreateTime, CreateBy, UpdateTime, UpdateBy, UsedLeDouNum, RewardLeDouNum, MerchantId, 
    Enterprise, EnrolledGroup, ContractNo, InnerBuyMoney, Commission, EnterpriseCode, 
    RaiseId, RaiseModeId, LenovoID, FullReduce
  </sql>
  <sql id="Blob_Column_List" >
    Note, PaymentType, TaxType, ReturnGoodsReason, CustomerManagerCode, OrderExtend
  </sql>
  <select id="selectByExampleWithBLOBs" resultMap="ResultMapWithBLOBs" parameterType="com.lenovo.m2.couponV2.dao.mybatis.model.OrdermainsExample" >
    select
    <if test="distinct" >
      distinct
    </if>
    <include refid="Base_Column_List" />
    ,
    <include refid="Blob_Column_List" />
    from ordermains
    <if test="_parameter != null" >
      <include refid="Example_Where_Clause" />
    </if>
    <if test="orderByClause != null" >
      order by ${orderByClause}
    </if>
  </select>

  <select id="selectOrderByLenovoId" resultType="com.lenovo.m2.couponV2.dao.mybatis.model.Ordermains" parameterType="java.lang.String" >
    SELECT * FROM ordermains where  C1LenovoID=#{lenovoId,jdbcType=VARCHAR} and  C1LenovoID is not null  and C1LenovoID !='' and C1LenovoID !='null'  and CreditTotal>0
  </select>

  <select id="selectOrderByLenovoIdC1" resultType="com.lenovo.m2.couponV2.dao.mybatis.model.Ordermains" parameterType="java.lang.String" >
    SELECT * FROM members where  LenovoID=#{lenovoId,jdbcType=VARCHAR}
  </select>

  <!--  得到已经扫过c2c单的订单集合 -->
  <select id="selectc2cScanLogByOrderCode" resultType="com.lenovo.m2.couponV2.dao.mybatis.model.Ordermains" >
SELECT o.* FROM c2cscorescanlog c ,ordermains o where o.OrderCode =c.ordercode and o.C1LenovoID is not null and o.C1LenovoID !='' and o.C1LenovoID !='null' and CreditTotal>0
 </select>

  <!-- 得到已经扫过jydx单的订单集合  -->
  <select id="selectJydaScanLogByOrderCode" resultType="com.lenovo.m2.couponV2.dao.mybatis.model.Ordermains" >
SELECT o.* FROM jydxcodescanlog c ,ordermains o where o.OrderCode =c.ordercode and o.C1LenovoID is not null and o.C1LenovoID !='' and o.C1LenovoID !='null' and CreditTotal>0
</select>

  <select id="selectByExample" resultMap="BaseResultMap" parameterType="com.lenovo.m2.couponV2.dao.mybatis.model.OrdermainsExample" >
    select
    <if test="distinct" >
      distinct
    </if>
    <include refid="Base_Column_List" />
    from ordermains
    <if test="_parameter != null" >
      <include refid="Example_Where_Clause" />
    </if>
    <if test="orderByClause != null" >
      order by ${orderByClause}
    </if>
  </select>
  <select id="selectByPrimaryKey" resultMap="ResultMapWithBLOBs" parameterType="java.lang.String" >
    select 
    <include refid="Base_Column_List" />
    ,
    <include refid="Blob_Column_List" />
    from ordermains
    where ID = #{id,jdbcType=CHAR}
  </select>
  <delete id="deleteByPrimaryKey" parameterType="java.lang.String" >
    delete from ordermains
    where ID = #{id,jdbcType=CHAR}
  </delete>
  <delete id="deleteByExample" parameterType="com.lenovo.m2.couponV2.dao.mybatis.model.OrdermainsExample" >
    delete from ordermains
    <if test="_parameter != null" >
      <include refid="Example_Where_Clause" />
    </if>
  </delete>
  <insert id="insert" parameterType="com.lenovo.m2.couponV2.dao.mybatis.model.OrdermainsWithBLOBs" >
    insert into ordermains (ID, Source, PayOrderNo, 
      OrderMainCode, OrderCode, Vkorg, 
      SalesChannel, MemberID, MemberCode, 
      C1LenovoID, TypeID, OrderAddType, 
      SalesOrderType, CostItem, AmountMoney, 
      GiveawayCost, GiveawayTotal, VoucherTotalAmount, 
      GiftCardTotalAmount, CreditTotal, PayStatus, 
      PayDatetime, ExpectDate, Augru, 
      PaymentDay, BizType, IsDelivery, 
      IsTax, TaxContent, TaxCompany, 
      ShipStatus, status, Isreturn, 
      MarkText, MemberDesc, Addonstr, 
      OrderRefer, ReturnGoodsRemark, FAtype, 
      FAID, FAName, IsQualified, 
      isAbnormal, hasComment, CreateTime, 
      CreateBy, UpdateTime, UpdateBy, 
      UsedLeDouNum, RewardLeDouNum, MerchantId, 
      Enterprise, EnrolledGroup, ContractNo, 
      InnerBuyMoney, Commission, EnterpriseCode, 
      RaiseId, RaiseModeId, LenovoID, 
      FullReduce, Note, PaymentType, 
      TaxType, ReturnGoodsReason, CustomerManagerCode, 
      OrderExtend)
    values (#{id,jdbcType=CHAR}, #{source,jdbcType=INTEGER}, #{payorderno,jdbcType=VARCHAR}, 
      #{ordermaincode,jdbcType=VARCHAR}, #{ordercode,jdbcType=VARCHAR}, #{vkorg,jdbcType=VARCHAR}, 
      #{saleschannel,jdbcType=VARCHAR}, #{memberid,jdbcType=CHAR}, #{membercode,jdbcType=VARCHAR}, 
      #{c1lenovoid,jdbcType=VARCHAR}, #{typeid,jdbcType=CHAR}, #{orderaddtype,jdbcType=INTEGER}, 
      #{salesordertype,jdbcType=INTEGER}, #{costitem,jdbcType=DECIMAL}, #{amountmoney,jdbcType=DECIMAL}, 
      #{giveawaycost,jdbcType=DECIMAL}, #{giveawaytotal,jdbcType=DECIMAL}, #{vouchertotalamount,jdbcType=DECIMAL}, 
      #{giftcardtotalamount,jdbcType=DECIMAL}, #{credittotal,jdbcType=INTEGER}, #{paystatus,jdbcType=INTEGER}, 
      #{paydatetime,jdbcType=TIMESTAMP}, #{expectdate,jdbcType=TIMESTAMP}, #{augru,jdbcType=VARCHAR}, 
      #{paymentday,jdbcType=VARCHAR}, #{biztype,jdbcType=VARCHAR}, #{isdelivery,jdbcType=BIT}, 
      #{istax,jdbcType=BIT}, #{taxcontent,jdbcType=VARCHAR}, #{taxcompany,jdbcType=VARCHAR}, 
      #{shipstatus,jdbcType=INTEGER}, #{status,jdbcType=INTEGER}, #{isreturn,jdbcType=INTEGER}, 
      #{marktext,jdbcType=VARCHAR}, #{memberdesc,jdbcType=VARCHAR}, #{addonstr,jdbcType=VARCHAR}, 
      #{orderrefer,jdbcType=VARCHAR}, #{returngoodsremark,jdbcType=VARCHAR}, #{fatype,jdbcType=INTEGER}, 
      #{faid,jdbcType=CHAR}, #{faname,jdbcType=VARCHAR}, #{isqualified,jdbcType=BIT}, 
      #{isabnormal,jdbcType=VARCHAR}, #{hascomment,jdbcType=VARCHAR}, #{createtime,jdbcType=TIMESTAMP}, 
      #{createby,jdbcType=VARCHAR}, #{updatetime,jdbcType=TIMESTAMP}, #{updateby,jdbcType=VARCHAR}, 
      #{usedledounum,jdbcType=INTEGER}, #{rewardledounum,jdbcType=INTEGER}, #{merchantid,jdbcType=INTEGER}, 
      #{enterprise,jdbcType=VARCHAR}, #{enrolledgroup,jdbcType=VARCHAR}, #{contractno,jdbcType=VARCHAR}, 
      #{innerbuymoney,jdbcType=DECIMAL}, #{commission,jdbcType=DECIMAL}, #{enterprisecode,jdbcType=VARCHAR}, 
      #{raiseid,jdbcType=VARCHAR}, #{raisemodeid,jdbcType=VARCHAR}, #{lenovoid,jdbcType=VARCHAR}, 
      #{fullreduce,jdbcType=DECIMAL}, #{note,jdbcType=LONGVARCHAR}, #{paymenttype,jdbcType=LONGVARCHAR}, 
      #{taxtype,jdbcType=LONGVARCHAR}, #{returngoodsreason,jdbcType=LONGVARCHAR}, #{customermanagercode,jdbcType=LONGVARCHAR}, 
      #{orderextend,jdbcType=LONGVARCHAR})
  </insert>
  <insert id="insertSelective" parameterType="com.lenovo.m2.couponV2.dao.mybatis.model.OrdermainsWithBLOBs" >
    insert into ordermains
    <trim prefix="(" suffix=")" suffixOverrides="," >
      <if test="id != null" >
        ID,
      </if>
      <if test="source != null" >
        Source,
      </if>
      <if test="payorderno != null" >
        PayOrderNo,
      </if>
      <if test="ordermaincode != null" >
        OrderMainCode,
      </if>
      <if test="ordercode != null" >
        OrderCode,
      </if>
      <if test="vkorg != null" >
        Vkorg,
      </if>
      <if test="saleschannel != null" >
        SalesChannel,
      </if>
      <if test="memberid != null" >
        MemberID,
      </if>
      <if test="membercode != null" >
        MemberCode,
      </if>
      <if test="c1lenovoid != null" >
        C1LenovoID,
      </if>
      <if test="typeid != null" >
        TypeID,
      </if>
      <if test="orderaddtype != null" >
        OrderAddType,
      </if>
      <if test="salesordertype != null" >
        SalesOrderType,
      </if>
      <if test="costitem != null" >
        CostItem,
      </if>
      <if test="amountmoney != null" >
        AmountMoney,
      </if>
      <if test="giveawaycost != null" >
        GiveawayCost,
      </if>
      <if test="giveawaytotal != null" >
        GiveawayTotal,
      </if>
      <if test="vouchertotalamount != null" >
        VoucherTotalAmount,
      </if>
      <if test="giftcardtotalamount != null" >
        GiftCardTotalAmount,
      </if>
      <if test="credittotal != null" >
        CreditTotal,
      </if>
      <if test="paystatus != null" >
        PayStatus,
      </if>
      <if test="paydatetime != null" >
        PayDatetime,
      </if>
      <if test="expectdate != null" >
        ExpectDate,
      </if>
      <if test="augru != null" >
        Augru,
      </if>
      <if test="paymentday != null" >
        PaymentDay,
      </if>
      <if test="biztype != null" >
        BizType,
      </if>
      <if test="isdelivery != null" >
        IsDelivery,
      </if>
      <if test="istax != null" >
        IsTax,
      </if>
      <if test="taxcontent != null" >
        TaxContent,
      </if>
      <if test="taxcompany != null" >
        TaxCompany,
      </if>
      <if test="shipstatus != null" >
        ShipStatus,
      </if>
      <if test="status != null" >
        status,
      </if>
      <if test="isreturn != null" >
        Isreturn,
      </if>
      <if test="marktext != null" >
        MarkText,
      </if>
      <if test="memberdesc != null" >
        MemberDesc,
      </if>
      <if test="addonstr != null" >
        Addonstr,
      </if>
      <if test="orderrefer != null" >
        OrderRefer,
      </if>
      <if test="returngoodsremark != null" >
        ReturnGoodsRemark,
      </if>
      <if test="fatype != null" >
        FAtype,
      </if>
      <if test="faid != null" >
        FAID,
      </if>
      <if test="faname != null" >
        FAName,
      </if>
      <if test="isqualified != null" >
        IsQualified,
      </if>
      <if test="isabnormal != null" >
        isAbnormal,
      </if>
      <if test="hascomment != null" >
        hasComment,
      </if>
      <if test="createtime != null" >
        CreateTime,
      </if>
      <if test="createby != null" >
        CreateBy,
      </if>
      <if test="updatetime != null" >
        UpdateTime,
      </if>
      <if test="updateby != null" >
        UpdateBy,
      </if>
      <if test="usedledounum != null" >
        UsedLeDouNum,
      </if>
      <if test="rewardledounum != null" >
        RewardLeDouNum,
      </if>
      <if test="merchantid != null" >
        MerchantId,
      </if>
      <if test="enterprise != null" >
        Enterprise,
      </if>
      <if test="enrolledgroup != null" >
        EnrolledGroup,
      </if>
      <if test="contractno != null" >
        ContractNo,
      </if>
      <if test="innerbuymoney != null" >
        InnerBuyMoney,
      </if>
      <if test="commission != null" >
        Commission,
      </if>
      <if test="enterprisecode != null" >
        EnterpriseCode,
      </if>
      <if test="raiseid != null" >
        RaiseId,
      </if>
      <if test="raisemodeid != null" >
        RaiseModeId,
      </if>
      <if test="lenovoid != null" >
        LenovoID,
      </if>
      <if test="fullreduce != null" >
        FullReduce,
      </if>
      <if test="note != null" >
        Note,
      </if>
      <if test="paymenttype != null" >
        PaymentType,
      </if>
      <if test="taxtype != null" >
        TaxType,
      </if>
      <if test="returngoodsreason != null" >
        ReturnGoodsReason,
      </if>
      <if test="customermanagercode != null" >
        CustomerManagerCode,
      </if>
      <if test="orderextend != null" >
        OrderExtend,
      </if>
    </trim>
    <trim prefix="values (" suffix=")" suffixOverrides="," >
      <if test="id != null" >
        #{id,jdbcType=CHAR},
      </if>
      <if test="source != null" >
        #{source,jdbcType=INTEGER},
      </if>
      <if test="payorderno != null" >
        #{payorderno,jdbcType=VARCHAR},
      </if>
      <if test="ordermaincode != null" >
        #{ordermaincode,jdbcType=VARCHAR},
      </if>
      <if test="ordercode != null" >
        #{ordercode,jdbcType=VARCHAR},
      </if>
      <if test="vkorg != null" >
        #{vkorg,jdbcType=VARCHAR},
      </if>
      <if test="saleschannel != null" >
        #{saleschannel,jdbcType=VARCHAR},
      </if>
      <if test="memberid != null" >
        #{memberid,jdbcType=CHAR},
      </if>
      <if test="membercode != null" >
        #{membercode,jdbcType=VARCHAR},
      </if>
      <if test="c1lenovoid != null" >
        #{c1lenovoid,jdbcType=VARCHAR},
      </if>
      <if test="typeid != null" >
        #{typeid,jdbcType=CHAR},
      </if>
      <if test="orderaddtype != null" >
        #{orderaddtype,jdbcType=INTEGER},
      </if>
      <if test="salesordertype != null" >
        #{salesordertype,jdbcType=INTEGER},
      </if>
      <if test="costitem != null" >
        #{costitem,jdbcType=DECIMAL},
      </if>
      <if test="amountmoney != null" >
        #{amountmoney,jdbcType=DECIMAL},
      </if>
      <if test="giveawaycost != null" >
        #{giveawaycost,jdbcType=DECIMAL},
      </if>
      <if test="giveawaytotal != null" >
        #{giveawaytotal,jdbcType=DECIMAL},
      </if>
      <if test="vouchertotalamount != null" >
        #{vouchertotalamount,jdbcType=DECIMAL},
      </if>
      <if test="giftcardtotalamount != null" >
        #{giftcardtotalamount,jdbcType=DECIMAL},
      </if>
      <if test="credittotal != null" >
        #{credittotal,jdbcType=INTEGER},
      </if>
      <if test="paystatus != null" >
        #{paystatus,jdbcType=INTEGER},
      </if>
      <if test="paydatetime != null" >
        #{paydatetime,jdbcType=TIMESTAMP},
      </if>
      <if test="expectdate != null" >
        #{expectdate,jdbcType=TIMESTAMP},
      </if>
      <if test="augru != null" >
        #{augru,jdbcType=VARCHAR},
      </if>
      <if test="paymentday != null" >
        #{paymentday,jdbcType=VARCHAR},
      </if>
      <if test="biztype != null" >
        #{biztype,jdbcType=VARCHAR},
      </if>
      <if test="isdelivery != null" >
        #{isdelivery,jdbcType=BIT},
      </if>
      <if test="istax != null" >
        #{istax,jdbcType=BIT},
      </if>
      <if test="taxcontent != null" >
        #{taxcontent,jdbcType=VARCHAR},
      </if>
      <if test="taxcompany != null" >
        #{taxcompany,jdbcType=VARCHAR},
      </if>
      <if test="shipstatus != null" >
        #{shipstatus,jdbcType=INTEGER},
      </if>
      <if test="status != null" >
        #{status,jdbcType=INTEGER},
      </if>
      <if test="isreturn != null" >
        #{isreturn,jdbcType=INTEGER},
      </if>
      <if test="marktext != null" >
        #{marktext,jdbcType=VARCHAR},
      </if>
      <if test="memberdesc != null" >
        #{memberdesc,jdbcType=VARCHAR},
      </if>
      <if test="addonstr != null" >
        #{addonstr,jdbcType=VARCHAR},
      </if>
      <if test="orderrefer != null" >
        #{orderrefer,jdbcType=VARCHAR},
      </if>
      <if test="returngoodsremark != null" >
        #{returngoodsremark,jdbcType=VARCHAR},
      </if>
      <if test="fatype != null" >
        #{fatype,jdbcType=INTEGER},
      </if>
      <if test="faid != null" >
        #{faid,jdbcType=CHAR},
      </if>
      <if test="faname != null" >
        #{faname,jdbcType=VARCHAR},
      </if>
      <if test="isqualified != null" >
        #{isqualified,jdbcType=BIT},
      </if>
      <if test="isabnormal != null" >
        #{isabnormal,jdbcType=VARCHAR},
      </if>
      <if test="hascomment != null" >
        #{hascomment,jdbcType=VARCHAR},
      </if>
      <if test="createtime != null" >
        #{createtime,jdbcType=TIMESTAMP},
      </if>
      <if test="createby != null" >
        #{createby,jdbcType=VARCHAR},
      </if>
      <if test="updatetime != null" >
        #{updatetime,jdbcType=TIMESTAMP},
      </if>
      <if test="updateby != null" >
        #{updateby,jdbcType=VARCHAR},
      </if>
      <if test="usedledounum != null" >
        #{usedledounum,jdbcType=INTEGER},
      </if>
      <if test="rewardledounum != null" >
        #{rewardledounum,jdbcType=INTEGER},
      </if>
      <if test="merchantid != null" >
        #{merchantid,jdbcType=INTEGER},
      </if>
      <if test="enterprise != null" >
        #{enterprise,jdbcType=VARCHAR},
      </if>
      <if test="enrolledgroup != null" >
        #{enrolledgroup,jdbcType=VARCHAR},
      </if>
      <if test="contractno != null" >
        #{contractno,jdbcType=VARCHAR},
      </if>
      <if test="innerbuymoney != null" >
        #{innerbuymoney,jdbcType=DECIMAL},
      </if>
      <if test="commission != null" >
        #{commission,jdbcType=DECIMAL},
      </if>
      <if test="enterprisecode != null" >
        #{enterprisecode,jdbcType=VARCHAR},
      </if>
      <if test="raiseid != null" >
        #{raiseid,jdbcType=VARCHAR},
      </if>
      <if test="raisemodeid != null" >
        #{raisemodeid,jdbcType=VARCHAR},
      </if>
      <if test="lenovoid != null" >
        #{lenovoid,jdbcType=VARCHAR},
      </if>
      <if test="fullreduce != null" >
        #{fullreduce,jdbcType=DECIMAL},
      </if>
      <if test="note != null" >
        #{note,jdbcType=LONGVARCHAR},
      </if>
      <if test="paymenttype != null" >
        #{paymenttype,jdbcType=LONGVARCHAR},
      </if>
      <if test="taxtype != null" >
        #{taxtype,jdbcType=LONGVARCHAR},
      </if>
      <if test="returngoodsreason != null" >
        #{returngoodsreason,jdbcType=LONGVARCHAR},
      </if>
      <if test="customermanagercode != null" >
        #{customermanagercode,jdbcType=LONGVARCHAR},
      </if>
      <if test="orderextend != null" >
        #{orderextend,jdbcType=LONGVARCHAR},
      </if>
    </trim>
  </insert>
  <select id="countByExample" parameterType="com.lenovo.m2.couponV2.dao.mybatis.model.OrdermainsExample" resultType="java.lang.Integer" >
    select count(*) from ordermains
    <if test="_parameter != null" >
      <include refid="Example_Where_Clause" />
    </if>
  </select>
  <update id="updateByExampleSelective" parameterType="map" >
    update ordermains
    <set >
      <if test="record.id != null" >
        ID = #{record.id,jdbcType=CHAR},
      </if>
      <if test="record.source != null" >
        Source = #{record.source,jdbcType=INTEGER},
      </if>
      <if test="record.payorderno != null" >
        PayOrderNo = #{record.payorderno,jdbcType=VARCHAR},
      </if>
      <if test="record.ordermaincode != null" >
        OrderMainCode = #{record.ordermaincode,jdbcType=VARCHAR},
      </if>
      <if test="record.ordercode != null" >
        OrderCode = #{record.ordercode,jdbcType=VARCHAR},
      </if>
      <if test="record.vkorg != null" >
        Vkorg = #{record.vkorg,jdbcType=VARCHAR},
      </if>
      <if test="record.saleschannel != null" >
        SalesChannel = #{record.saleschannel,jdbcType=VARCHAR},
      </if>
      <if test="record.memberid != null" >
        MemberID = #{record.memberid,jdbcType=CHAR},
      </if>
      <if test="record.membercode != null" >
        MemberCode = #{record.membercode,jdbcType=VARCHAR},
      </if>
      <if test="record.c1lenovoid != null" >
        C1LenovoID = #{record.c1lenovoid,jdbcType=VARCHAR},
      </if>
      <if test="record.typeid != null" >
        TypeID = #{record.typeid,jdbcType=CHAR},
      </if>
      <if test="record.orderaddtype != null" >
        OrderAddType = #{record.orderaddtype,jdbcType=INTEGER},
      </if>
      <if test="record.salesordertype != null" >
        SalesOrderType = #{record.salesordertype,jdbcType=INTEGER},
      </if>
      <if test="record.costitem != null" >
        CostItem = #{record.costitem,jdbcType=DECIMAL},
      </if>
      <if test="record.amountmoney != null" >
        AmountMoney = #{record.amountmoney,jdbcType=DECIMAL},
      </if>
      <if test="record.giveawaycost != null" >
        GiveawayCost = #{record.giveawaycost,jdbcType=DECIMAL},
      </if>
      <if test="record.giveawaytotal != null" >
        GiveawayTotal = #{record.giveawaytotal,jdbcType=DECIMAL},
      </if>
      <if test="record.vouchertotalamount != null" >
        VoucherTotalAmount = #{record.vouchertotalamount,jdbcType=DECIMAL},
      </if>
      <if test="record.giftcardtotalamount != null" >
        GiftCardTotalAmount = #{record.giftcardtotalamount,jdbcType=DECIMAL},
      </if>
      <if test="record.credittotal != null" >
        CreditTotal = #{record.credittotal,jdbcType=INTEGER},
      </if>
      <if test="record.paystatus != null" >
        PayStatus = #{record.paystatus,jdbcType=INTEGER},
      </if>
      <if test="record.paydatetime != null" >
        PayDatetime = #{record.paydatetime,jdbcType=TIMESTAMP},
      </if>
      <if test="record.expectdate != null" >
        ExpectDate = #{record.expectdate,jdbcType=TIMESTAMP},
      </if>
      <if test="record.augru != null" >
        Augru = #{record.augru,jdbcType=VARCHAR},
      </if>
      <if test="record.paymentday != null" >
        PaymentDay = #{record.paymentday,jdbcType=VARCHAR},
      </if>
      <if test="record.biztype != null" >
        BizType = #{record.biztype,jdbcType=VARCHAR},
      </if>
      <if test="record.isdelivery != null" >
        IsDelivery = #{record.isdelivery,jdbcType=BIT},
      </if>
      <if test="record.istax != null" >
        IsTax = #{record.istax,jdbcType=BIT},
      </if>
      <if test="record.taxcontent != null" >
        TaxContent = #{record.taxcontent,jdbcType=VARCHAR},
      </if>
      <if test="record.taxcompany != null" >
        TaxCompany = #{record.taxcompany,jdbcType=VARCHAR},
      </if>
      <if test="record.shipstatus != null" >
        ShipStatus = #{record.shipstatus,jdbcType=INTEGER},
      </if>
      <if test="record.status != null" >
        status = #{record.status,jdbcType=INTEGER},
      </if>
      <if test="record.isreturn != null" >
        Isreturn = #{record.isreturn,jdbcType=INTEGER},
      </if>
      <if test="record.marktext != null" >
        MarkText = #{record.marktext,jdbcType=VARCHAR},
      </if>
      <if test="record.memberdesc != null" >
        MemberDesc = #{record.memberdesc,jdbcType=VARCHAR},
      </if>
      <if test="record.addonstr != null" >
        Addonstr = #{record.addonstr,jdbcType=VARCHAR},
      </if>
      <if test="record.orderrefer != null" >
        OrderRefer = #{record.orderrefer,jdbcType=VARCHAR},
      </if>
      <if test="record.returngoodsremark != null" >
        ReturnGoodsRemark = #{record.returngoodsremark,jdbcType=VARCHAR},
      </if>
      <if test="record.fatype != null" >
        FAtype = #{record.fatype,jdbcType=INTEGER},
      </if>
      <if test="record.faid != null" >
        FAID = #{record.faid,jdbcType=CHAR},
      </if>
      <if test="record.faname != null" >
        FAName = #{record.faname,jdbcType=VARCHAR},
      </if>
      <if test="record.isqualified != null" >
        IsQualified = #{record.isqualified,jdbcType=BIT},
      </if>
      <if test="record.isabnormal != null" >
        isAbnormal = #{record.isabnormal,jdbcType=VARCHAR},
      </if>
      <if test="record.hascomment != null" >
        hasComment = #{record.hascomment,jdbcType=VARCHAR},
      </if>
      <if test="record.createtime != null" >
        CreateTime = #{record.createtime,jdbcType=TIMESTAMP},
      </if>
      <if test="record.createby != null" >
        CreateBy = #{record.createby,jdbcType=VARCHAR},
      </if>
      <if test="record.updatetime != null" >
        UpdateTime = #{record.updatetime,jdbcType=TIMESTAMP},
      </if>
      <if test="record.updateby != null" >
        UpdateBy = #{record.updateby,jdbcType=VARCHAR},
      </if>
      <if test="record.usedledounum != null" >
        UsedLeDouNum = #{record.usedledounum,jdbcType=INTEGER},
      </if>
      <if test="record.rewardledounum != null" >
        RewardLeDouNum = #{record.rewardledounum,jdbcType=INTEGER},
      </if>
      <if test="record.merchantid != null" >
        MerchantId = #{record.merchantid,jdbcType=INTEGER},
      </if>
      <if test="record.enterprise != null" >
        Enterprise = #{record.enterprise,jdbcType=VARCHAR},
      </if>
      <if test="record.enrolledgroup != null" >
        EnrolledGroup = #{record.enrolledgroup,jdbcType=VARCHAR},
      </if>
      <if test="record.contractno != null" >
        ContractNo = #{record.contractno,jdbcType=VARCHAR},
      </if>
      <if test="record.innerbuymoney != null" >
        InnerBuyMoney = #{record.innerbuymoney,jdbcType=DECIMAL},
      </if>
      <if test="record.commission != null" >
        Commission = #{record.commission,jdbcType=DECIMAL},
      </if>
      <if test="record.enterprisecode != null" >
        EnterpriseCode = #{record.enterprisecode,jdbcType=VARCHAR},
      </if>
      <if test="record.raiseid != null" >
        RaiseId = #{record.raiseid,jdbcType=VARCHAR},
      </if>
      <if test="record.raisemodeid != null" >
        RaiseModeId = #{record.raisemodeid,jdbcType=VARCHAR},
      </if>
      <if test="record.lenovoid != null" >
        LenovoID = #{record.lenovoid,jdbcType=VARCHAR},
      </if>
      <if test="record.fullreduce != null" >
        FullReduce = #{record.fullreduce,jdbcType=DECIMAL},
      </if>
      <if test="record.note != null" >
        Note = #{record.note,jdbcType=LONGVARCHAR},
      </if>
      <if test="record.paymenttype != null" >
        PaymentType = #{record.paymenttype,jdbcType=LONGVARCHAR},
      </if>
      <if test="record.taxtype != null" >
        TaxType = #{record.taxtype,jdbcType=LONGVARCHAR},
      </if>
      <if test="record.returngoodsreason != null" >
        ReturnGoodsReason = #{record.returngoodsreason,jdbcType=LONGVARCHAR},
      </if>
      <if test="record.customermanagercode != null" >
        CustomerManagerCode = #{record.customermanagercode,jdbcType=LONGVARCHAR},
      </if>
      <if test="record.orderextend != null" >
        OrderExtend = #{record.orderextend,jdbcType=LONGVARCHAR},
      </if>
    </set>
    <if test="_parameter != null" >
      <include refid="Update_By_Example_Where_Clause" />
    </if>
  </update>
  <update id="updateByExampleWithBLOBs" parameterType="map" >
    update ordermains
    set ID = #{record.id,jdbcType=CHAR},
      Source = #{record.source,jdbcType=INTEGER},
      PayOrderNo = #{record.payorderno,jdbcType=VARCHAR},
      OrderMainCode = #{record.ordermaincode,jdbcType=VARCHAR},
      OrderCode = #{record.ordercode,jdbcType=VARCHAR},
      Vkorg = #{record.vkorg,jdbcType=VARCHAR},
      SalesChannel = #{record.saleschannel,jdbcType=VARCHAR},
      MemberID = #{record.memberid,jdbcType=CHAR},
      MemberCode = #{record.membercode,jdbcType=VARCHAR},
      C1LenovoID = #{record.c1lenovoid,jdbcType=VARCHAR},
      TypeID = #{record.typeid,jdbcType=CHAR},
      OrderAddType = #{record.orderaddtype,jdbcType=INTEGER},
      SalesOrderType = #{record.salesordertype,jdbcType=INTEGER},
      CostItem = #{record.costitem,jdbcType=DECIMAL},
      AmountMoney = #{record.amountmoney,jdbcType=DECIMAL},
      GiveawayCost = #{record.giveawaycost,jdbcType=DECIMAL},
      GiveawayTotal = #{record.giveawaytotal,jdbcType=DECIMAL},
      VoucherTotalAmount = #{record.vouchertotalamount,jdbcType=DECIMAL},
      GiftCardTotalAmount = #{record.giftcardtotalamount,jdbcType=DECIMAL},
      CreditTotal = #{record.credittotal,jdbcType=INTEGER},
      PayStatus = #{record.paystatus,jdbcType=INTEGER},
      PayDatetime = #{record.paydatetime,jdbcType=TIMESTAMP},
      ExpectDate = #{record.expectdate,jdbcType=TIMESTAMP},
      Augru = #{record.augru,jdbcType=VARCHAR},
      PaymentDay = #{record.paymentday,jdbcType=VARCHAR},
      BizType = #{record.biztype,jdbcType=VARCHAR},
      IsDelivery = #{record.isdelivery,jdbcType=BIT},
      IsTax = #{record.istax,jdbcType=BIT},
      TaxContent = #{record.taxcontent,jdbcType=VARCHAR},
      TaxCompany = #{record.taxcompany,jdbcType=VARCHAR},
      ShipStatus = #{record.shipstatus,jdbcType=INTEGER},
      status = #{record.status,jdbcType=INTEGER},
      Isreturn = #{record.isreturn,jdbcType=INTEGER},
      MarkText = #{record.marktext,jdbcType=VARCHAR},
      MemberDesc = #{record.memberdesc,jdbcType=VARCHAR},
      Addonstr = #{record.addonstr,jdbcType=VARCHAR},
      OrderRefer = #{record.orderrefer,jdbcType=VARCHAR},
      ReturnGoodsRemark = #{record.returngoodsremark,jdbcType=VARCHAR},
      FAtype = #{record.fatype,jdbcType=INTEGER},
      FAID = #{record.faid,jdbcType=CHAR},
      FAName = #{record.faname,jdbcType=VARCHAR},
      IsQualified = #{record.isqualified,jdbcType=BIT},
      isAbnormal = #{record.isabnormal,jdbcType=VARCHAR},
      hasComment = #{record.hascomment,jdbcType=VARCHAR},
      CreateTime = #{record.createtime,jdbcType=TIMESTAMP},
      CreateBy = #{record.createby,jdbcType=VARCHAR},
      UpdateTime = #{record.updatetime,jdbcType=TIMESTAMP},
      UpdateBy = #{record.updateby,jdbcType=VARCHAR},
      UsedLeDouNum = #{record.usedledounum,jdbcType=INTEGER},
      RewardLeDouNum = #{record.rewardledounum,jdbcType=INTEGER},
      MerchantId = #{record.merchantid,jdbcType=INTEGER},
      Enterprise = #{record.enterprise,jdbcType=VARCHAR},
      EnrolledGroup = #{record.enrolledgroup,jdbcType=VARCHAR},
      ContractNo = #{record.contractno,jdbcType=VARCHAR},
      InnerBuyMoney = #{record.innerbuymoney,jdbcType=DECIMAL},
      Commission = #{record.commission,jdbcType=DECIMAL},
      EnterpriseCode = #{record.enterprisecode,jdbcType=VARCHAR},
      RaiseId = #{record.raiseid,jdbcType=VARCHAR},
      RaiseModeId = #{record.raisemodeid,jdbcType=VARCHAR},
      LenovoID = #{record.lenovoid,jdbcType=VARCHAR},
      FullReduce = #{record.fullreduce,jdbcType=DECIMAL},
      Note = #{record.note,jdbcType=LONGVARCHAR},
      PaymentType = #{record.paymenttype,jdbcType=LONGVARCHAR},
      TaxType = #{record.taxtype,jdbcType=LONGVARCHAR},
      ReturnGoodsReason = #{record.returngoodsreason,jdbcType=LONGVARCHAR},
      CustomerManagerCode = #{record.customermanagercode,jdbcType=LONGVARCHAR},
      OrderExtend = #{record.orderextend,jdbcType=LONGVARCHAR}
    <if test="_parameter != null" >
      <include refid="Update_By_Example_Where_Clause" />
    </if>
  </update>
  <update id="updateByExample" parameterType="map" >
    update ordermains
    set ID = #{record.id,jdbcType=CHAR},
      Source = #{record.source,jdbcType=INTEGER},
      PayOrderNo = #{record.payorderno,jdbcType=VARCHAR},
      OrderMainCode = #{record.ordermaincode,jdbcType=VARCHAR},
      OrderCode = #{record.ordercode,jdbcType=VARCHAR},
      Vkorg = #{record.vkorg,jdbcType=VARCHAR},
      SalesChannel = #{record.saleschannel,jdbcType=VARCHAR},
      MemberID = #{record.memberid,jdbcType=CHAR},
      MemberCode = #{record.membercode,jdbcType=VARCHAR},
      C1LenovoID = #{record.c1lenovoid,jdbcType=VARCHAR},
      TypeID = #{record.typeid,jdbcType=CHAR},
      OrderAddType = #{record.orderaddtype,jdbcType=INTEGER},
      SalesOrderType = #{record.salesordertype,jdbcType=INTEGER},
      CostItem = #{record.costitem,jdbcType=DECIMAL},
      AmountMoney = #{record.amountmoney,jdbcType=DECIMAL},
      GiveawayCost = #{record.giveawaycost,jdbcType=DECIMAL},
      GiveawayTotal = #{record.giveawaytotal,jdbcType=DECIMAL},
      VoucherTotalAmount = #{record.vouchertotalamount,jdbcType=DECIMAL},
      GiftCardTotalAmount = #{record.giftcardtotalamount,jdbcType=DECIMAL},
      CreditTotal = #{record.credittotal,jdbcType=INTEGER},
      PayStatus = #{record.paystatus,jdbcType=INTEGER},
      PayDatetime = #{record.paydatetime,jdbcType=TIMESTAMP},
      ExpectDate = #{record.expectdate,jdbcType=TIMESTAMP},
      Augru = #{record.augru,jdbcType=VARCHAR},
      PaymentDay = #{record.paymentday,jdbcType=VARCHAR},
      BizType = #{record.biztype,jdbcType=VARCHAR},
      IsDelivery = #{record.isdelivery,jdbcType=BIT},
      IsTax = #{record.istax,jdbcType=BIT},
      TaxContent = #{record.taxcontent,jdbcType=VARCHAR},
      TaxCompany = #{record.taxcompany,jdbcType=VARCHAR},
      ShipStatus = #{record.shipstatus,jdbcType=INTEGER},
      status = #{record.status,jdbcType=INTEGER},
      Isreturn = #{record.isreturn,jdbcType=INTEGER},
      MarkText = #{record.marktext,jdbcType=VARCHAR},
      MemberDesc = #{record.memberdesc,jdbcType=VARCHAR},
      Addonstr = #{record.addonstr,jdbcType=VARCHAR},
      OrderRefer = #{record.orderrefer,jdbcType=VARCHAR},
      ReturnGoodsRemark = #{record.returngoodsremark,jdbcType=VARCHAR},
      FAtype = #{record.fatype,jdbcType=INTEGER},
      FAID = #{record.faid,jdbcType=CHAR},
      FAName = #{record.faname,jdbcType=VARCHAR},
      IsQualified = #{record.isqualified,jdbcType=BIT},
      isAbnormal = #{record.isabnormal,jdbcType=VARCHAR},
      hasComment = #{record.hascomment,jdbcType=VARCHAR},
      CreateTime = #{record.createtime,jdbcType=TIMESTAMP},
      CreateBy = #{record.createby,jdbcType=VARCHAR},
      UpdateTime = #{record.updatetime,jdbcType=TIMESTAMP},
      UpdateBy = #{record.updateby,jdbcType=VARCHAR},
      UsedLeDouNum = #{record.usedledounum,jdbcType=INTEGER},
      RewardLeDouNum = #{record.rewardledounum,jdbcType=INTEGER},
      MerchantId = #{record.merchantid,jdbcType=INTEGER},
      Enterprise = #{record.enterprise,jdbcType=VARCHAR},
      EnrolledGroup = #{record.enrolledgroup,jdbcType=VARCHAR},
      ContractNo = #{record.contractno,jdbcType=VARCHAR},
      InnerBuyMoney = #{record.innerbuymoney,jdbcType=DECIMAL},
      Commission = #{record.commission,jdbcType=DECIMAL},
      EnterpriseCode = #{record.enterprisecode,jdbcType=VARCHAR},
      RaiseId = #{record.raiseid,jdbcType=VARCHAR},
      RaiseModeId = #{record.raisemodeid,jdbcType=VARCHAR},
      LenovoID = #{record.lenovoid,jdbcType=VARCHAR},
      FullReduce = #{record.fullreduce,jdbcType=DECIMAL}
    <if test="_parameter != null" >
      <include refid="Update_By_Example_Where_Clause" />
    </if>
  </update>
  <update id="updateByPrimaryKeySelective" parameterType="com.lenovo.m2.couponV2.dao.mybatis.model.OrdermainsWithBLOBs" >
    update ordermains
    <set >
      <if test="source != null" >
        Source = #{source,jdbcType=INTEGER},
      </if>
      <if test="payorderno != null" >
        PayOrderNo = #{payorderno,jdbcType=VARCHAR},
      </if>
      <if test="ordermaincode != null" >
        OrderMainCode = #{ordermaincode,jdbcType=VARCHAR},
      </if>
      <if test="ordercode != null" >
        OrderCode = #{ordercode,jdbcType=VARCHAR},
      </if>
      <if test="vkorg != null" >
        Vkorg = #{vkorg,jdbcType=VARCHAR},
      </if>
      <if test="saleschannel != null" >
        SalesChannel = #{saleschannel,jdbcType=VARCHAR},
      </if>
      <if test="memberid != null" >
        MemberID = #{memberid,jdbcType=CHAR},
      </if>
      <if test="membercode != null" >
        MemberCode = #{membercode,jdbcType=VARCHAR},
      </if>
      <if test="c1lenovoid != null" >
        C1LenovoID = #{c1lenovoid,jdbcType=VARCHAR},
      </if>
      <if test="typeid != null" >
        TypeID = #{typeid,jdbcType=CHAR},
      </if>
      <if test="orderaddtype != null" >
        OrderAddType = #{orderaddtype,jdbcType=INTEGER},
      </if>
      <if test="salesordertype != null" >
        SalesOrderType = #{salesordertype,jdbcType=INTEGER},
      </if>
      <if test="costitem != null" >
        CostItem = #{costitem,jdbcType=DECIMAL},
      </if>
      <if test="amountmoney != null" >
        AmountMoney = #{amountmoney,jdbcType=DECIMAL},
      </if>
      <if test="giveawaycost != null" >
        GiveawayCost = #{giveawaycost,jdbcType=DECIMAL},
      </if>
      <if test="giveawaytotal != null" >
        GiveawayTotal = #{giveawaytotal,jdbcType=DECIMAL},
      </if>
      <if test="vouchertotalamount != null" >
        VoucherTotalAmount = #{vouchertotalamount,jdbcType=DECIMAL},
      </if>
      <if test="giftcardtotalamount != null" >
        GiftCardTotalAmount = #{giftcardtotalamount,jdbcType=DECIMAL},
      </if>
      <if test="credittotal != null" >
        CreditTotal = #{credittotal,jdbcType=INTEGER},
      </if>
      <if test="paystatus != null" >
        PayStatus = #{paystatus,jdbcType=INTEGER},
      </if>
      <if test="paydatetime != null" >
        PayDatetime = #{paydatetime,jdbcType=TIMESTAMP},
      </if>
      <if test="expectdate != null" >
        ExpectDate = #{expectdate,jdbcType=TIMESTAMP},
      </if>
      <if test="augru != null" >
        Augru = #{augru,jdbcType=VARCHAR},
      </if>
      <if test="paymentday != null" >
        PaymentDay = #{paymentday,jdbcType=VARCHAR},
      </if>
      <if test="biztype != null" >
        BizType = #{biztype,jdbcType=VARCHAR},
      </if>
      <if test="isdelivery != null" >
        IsDelivery = #{isdelivery,jdbcType=BIT},
      </if>
      <if test="istax != null" >
        IsTax = #{istax,jdbcType=BIT},
      </if>
      <if test="taxcontent != null" >
        TaxContent = #{taxcontent,jdbcType=VARCHAR},
      </if>
      <if test="taxcompany != null" >
        TaxCompany = #{taxcompany,jdbcType=VARCHAR},
      </if>
      <if test="shipstatus != null" >
        ShipStatus = #{shipstatus,jdbcType=INTEGER},
      </if>
      <if test="status != null" >
        status = #{status,jdbcType=INTEGER},
      </if>
      <if test="isreturn != null" >
        Isreturn = #{isreturn,jdbcType=INTEGER},
      </if>
      <if test="marktext != null" >
        MarkText = #{marktext,jdbcType=VARCHAR},
      </if>
      <if test="memberdesc != null" >
        MemberDesc = #{memberdesc,jdbcType=VARCHAR},
      </if>
      <if test="addonstr != null" >
        Addonstr = #{addonstr,jdbcType=VARCHAR},
      </if>
      <if test="orderrefer != null" >
        OrderRefer = #{orderrefer,jdbcType=VARCHAR},
      </if>
      <if test="returngoodsremark != null" >
        ReturnGoodsRemark = #{returngoodsremark,jdbcType=VARCHAR},
      </if>
      <if test="fatype != null" >
        FAtype = #{fatype,jdbcType=INTEGER},
      </if>
      <if test="faid != null" >
        FAID = #{faid,jdbcType=CHAR},
      </if>
      <if test="faname != null" >
        FAName = #{faname,jdbcType=VARCHAR},
      </if>
      <if test="isqualified != null" >
        IsQualified = #{isqualified,jdbcType=BIT},
      </if>
      <if test="isabnormal != null" >
        isAbnormal = #{isabnormal,jdbcType=VARCHAR},
      </if>
      <if test="hascomment != null" >
        hasComment = #{hascomment,jdbcType=VARCHAR},
      </if>
      <if test="createtime != null" >
        CreateTime = #{createtime,jdbcType=TIMESTAMP},
      </if>
      <if test="createby != null" >
        CreateBy = #{createby,jdbcType=VARCHAR},
      </if>
      <if test="updatetime != null" >
        UpdateTime = #{updatetime,jdbcType=TIMESTAMP},
      </if>
      <if test="updateby != null" >
        UpdateBy = #{updateby,jdbcType=VARCHAR},
      </if>
      <if test="usedledounum != null" >
        UsedLeDouNum = #{usedledounum,jdbcType=INTEGER},
      </if>
      <if test="rewardledounum != null" >
        RewardLeDouNum = #{rewardledounum,jdbcType=INTEGER},
      </if>
      <if test="merchantid != null" >
        MerchantId = #{merchantid,jdbcType=INTEGER},
      </if>
      <if test="enterprise != null" >
        Enterprise = #{enterprise,jdbcType=VARCHAR},
      </if>
      <if test="enrolledgroup != null" >
        EnrolledGroup = #{enrolledgroup,jdbcType=VARCHAR},
      </if>
      <if test="contractno != null" >
        ContractNo = #{contractno,jdbcType=VARCHAR},
      </if>
      <if test="innerbuymoney != null" >
        InnerBuyMoney = #{innerbuymoney,jdbcType=DECIMAL},
      </if>
      <if test="commission != null" >
        Commission = #{commission,jdbcType=DECIMAL},
      </if>
      <if test="enterprisecode != null" >
        EnterpriseCode = #{enterprisecode,jdbcType=VARCHAR},
      </if>
      <if test="raiseid != null" >
        RaiseId = #{raiseid,jdbcType=VARCHAR},
      </if>
      <if test="raisemodeid != null" >
        RaiseModeId = #{raisemodeid,jdbcType=VARCHAR},
      </if>
      <if test="lenovoid != null" >
        LenovoID = #{lenovoid,jdbcType=VARCHAR},
      </if>
      <if test="fullreduce != null" >
        FullReduce = #{fullreduce,jdbcType=DECIMAL},
      </if>
      <if test="note != null" >
        Note = #{note,jdbcType=LONGVARCHAR},
      </if>
      <if test="paymenttype != null" >
        PaymentType = #{paymenttype,jdbcType=LONGVARCHAR},
      </if>
      <if test="taxtype != null" >
        TaxType = #{taxtype,jdbcType=LONGVARCHAR},
      </if>
      <if test="returngoodsreason != null" >
        ReturnGoodsReason = #{returngoodsreason,jdbcType=LONGVARCHAR},
      </if>
      <if test="customermanagercode != null" >
        CustomerManagerCode = #{customermanagercode,jdbcType=LONGVARCHAR},
      </if>
      <if test="orderextend != null" >
        OrderExtend = #{orderextend,jdbcType=LONGVARCHAR},
      </if>
    </set>
    where ID = #{id,jdbcType=CHAR}
  </update>
  <update id="updateByPrimaryKeyWithBLOBs" parameterType="com.lenovo.m2.couponV2.dao.mybatis.model.OrdermainsWithBLOBs" >
    update ordermains
    set Source = #{source,jdbcType=INTEGER},
      PayOrderNo = #{payorderno,jdbcType=VARCHAR},
      OrderMainCode = #{ordermaincode,jdbcType=VARCHAR},
      OrderCode = #{ordercode,jdbcType=VARCHAR},
      Vkorg = #{vkorg,jdbcType=VARCHAR},
      SalesChannel = #{saleschannel,jdbcType=VARCHAR},
      MemberID = #{memberid,jdbcType=CHAR},
      MemberCode = #{membercode,jdbcType=VARCHAR},
      C1LenovoID = #{c1lenovoid,jdbcType=VARCHAR},
      TypeID = #{typeid,jdbcType=CHAR},
      OrderAddType = #{orderaddtype,jdbcType=INTEGER},
      SalesOrderType = #{salesordertype,jdbcType=INTEGER},
      CostItem = #{costitem,jdbcType=DECIMAL},
      AmountMoney = #{amountmoney,jdbcType=DECIMAL},
      GiveawayCost = #{giveawaycost,jdbcType=DECIMAL},
      GiveawayTotal = #{giveawaytotal,jdbcType=DECIMAL},
      VoucherTotalAmount = #{vouchertotalamount,jdbcType=DECIMAL},
      GiftCardTotalAmount = #{giftcardtotalamount,jdbcType=DECIMAL},
      CreditTotal = #{credittotal,jdbcType=INTEGER},
      PayStatus = #{paystatus,jdbcType=INTEGER},
      PayDatetime = #{paydatetime,jdbcType=TIMESTAMP},
      ExpectDate = #{expectdate,jdbcType=TIMESTAMP},
      Augru = #{augru,jdbcType=VARCHAR},
      PaymentDay = #{paymentday,jdbcType=VARCHAR},
      BizType = #{biztype,jdbcType=VARCHAR},
      IsDelivery = #{isdelivery,jdbcType=BIT},
      IsTax = #{istax,jdbcType=BIT},
      TaxContent = #{taxcontent,jdbcType=VARCHAR},
      TaxCompany = #{taxcompany,jdbcType=VARCHAR},
      ShipStatus = #{shipstatus,jdbcType=INTEGER},
      status = #{status,jdbcType=INTEGER},
      Isreturn = #{isreturn,jdbcType=INTEGER},
      MarkText = #{marktext,jdbcType=VARCHAR},
      MemberDesc = #{memberdesc,jdbcType=VARCHAR},
      Addonstr = #{addonstr,jdbcType=VARCHAR},
      OrderRefer = #{orderrefer,jdbcType=VARCHAR},
      ReturnGoodsRemark = #{returngoodsremark,jdbcType=VARCHAR},
      FAtype = #{fatype,jdbcType=INTEGER},
      FAID = #{faid,jdbcType=CHAR},
      FAName = #{faname,jdbcType=VARCHAR},
      IsQualified = #{isqualified,jdbcType=BIT},
      isAbnormal = #{isabnormal,jdbcType=VARCHAR},
      hasComment = #{hascomment,jdbcType=VARCHAR},
      CreateTime = #{createtime,jdbcType=TIMESTAMP},
      CreateBy = #{createby,jdbcType=VARCHAR},
      UpdateTime = #{updatetime,jdbcType=TIMESTAMP},
      UpdateBy = #{updateby,jdbcType=VARCHAR},
      UsedLeDouNum = #{usedledounum,jdbcType=INTEGER},
      RewardLeDouNum = #{rewardledounum,jdbcType=INTEGER},
      MerchantId = #{merchantid,jdbcType=INTEGER},
      Enterprise = #{enterprise,jdbcType=VARCHAR},
      EnrolledGroup = #{enrolledgroup,jdbcType=VARCHAR},
      ContractNo = #{contractno,jdbcType=VARCHAR},
      InnerBuyMoney = #{innerbuymoney,jdbcType=DECIMAL},
      Commission = #{commission,jdbcType=DECIMAL},
      EnterpriseCode = #{enterprisecode,jdbcType=VARCHAR},
      RaiseId = #{raiseid,jdbcType=VARCHAR},
      RaiseModeId = #{raisemodeid,jdbcType=VARCHAR},
      LenovoID = #{lenovoid,jdbcType=VARCHAR},
      FullReduce = #{fullreduce,jdbcType=DECIMAL},
      Note = #{note,jdbcType=LONGVARCHAR},
      PaymentType = #{paymenttype,jdbcType=LONGVARCHAR},
      TaxType = #{taxtype,jdbcType=LONGVARCHAR},
      ReturnGoodsReason = #{returngoodsreason,jdbcType=LONGVARCHAR},
      CustomerManagerCode = #{customermanagercode,jdbcType=LONGVARCHAR},
      OrderExtend = #{orderextend,jdbcType=LONGVARCHAR}
    where ID = #{id,jdbcType=CHAR}
  </update>
  <update id="updateByPrimaryKey" parameterType="com.lenovo.m2.couponV2.dao.mybatis.model.Ordermains" >
    update ordermains
    set Source = #{source,jdbcType=INTEGER},
      PayOrderNo = #{payorderno,jdbcType=VARCHAR},
      OrderMainCode = #{ordermaincode,jdbcType=VARCHAR},
      OrderCode = #{ordercode,jdbcType=VARCHAR},
      Vkorg = #{vkorg,jdbcType=VARCHAR},
      SalesChannel = #{saleschannel,jdbcType=VARCHAR},
      MemberID = #{memberid,jdbcType=CHAR},
      MemberCode = #{membercode,jdbcType=VARCHAR},
      C1LenovoID = #{c1lenovoid,jdbcType=VARCHAR},
      TypeID = #{typeid,jdbcType=CHAR},
      OrderAddType = #{orderaddtype,jdbcType=INTEGER},
      SalesOrderType = #{salesordertype,jdbcType=INTEGER},
      CostItem = #{costitem,jdbcType=DECIMAL},
      AmountMoney = #{amountmoney,jdbcType=DECIMAL},
      GiveawayCost = #{giveawaycost,jdbcType=DECIMAL},
      GiveawayTotal = #{giveawaytotal,jdbcType=DECIMAL},
      VoucherTotalAmount = #{vouchertotalamount,jdbcType=DECIMAL},
      GiftCardTotalAmount = #{giftcardtotalamount,jdbcType=DECIMAL},
      CreditTotal = #{credittotal,jdbcType=INTEGER},
      PayStatus = #{paystatus,jdbcType=INTEGER},
      PayDatetime = #{paydatetime,jdbcType=TIMESTAMP},
      ExpectDate = #{expectdate,jdbcType=TIMESTAMP},
      Augru = #{augru,jdbcType=VARCHAR},
      PaymentDay = #{paymentday,jdbcType=VARCHAR},
      BizType = #{biztype,jdbcType=VARCHAR},
      IsDelivery = #{isdelivery,jdbcType=BIT},
      IsTax = #{istax,jdbcType=BIT},
      TaxContent = #{taxcontent,jdbcType=VARCHAR},
      TaxCompany = #{taxcompany,jdbcType=VARCHAR},
      ShipStatus = #{shipstatus,jdbcType=INTEGER},
      status = #{status,jdbcType=INTEGER},
      Isreturn = #{isreturn,jdbcType=INTEGER},
      MarkText = #{marktext,jdbcType=VARCHAR},
      MemberDesc = #{memberdesc,jdbcType=VARCHAR},
      Addonstr = #{addonstr,jdbcType=VARCHAR},
      OrderRefer = #{orderrefer,jdbcType=VARCHAR},
      ReturnGoodsRemark = #{returngoodsremark,jdbcType=VARCHAR},
      FAtype = #{fatype,jdbcType=INTEGER},
      FAID = #{faid,jdbcType=CHAR},
      FAName = #{faname,jdbcType=VARCHAR},
      IsQualified = #{isqualified,jdbcType=BIT},
      isAbnormal = #{isabnormal,jdbcType=VARCHAR},
      hasComment = #{hascomment,jdbcType=VARCHAR},
      CreateTime = #{createtime,jdbcType=TIMESTAMP},
      CreateBy = #{createby,jdbcType=VARCHAR},
      UpdateTime = #{updatetime,jdbcType=TIMESTAMP},
      UpdateBy = #{updateby,jdbcType=VARCHAR},
      UsedLeDouNum = #{usedledounum,jdbcType=INTEGER},
      RewardLeDouNum = #{rewardledounum,jdbcType=INTEGER},
      MerchantId = #{merchantid,jdbcType=INTEGER},
      Enterprise = #{enterprise,jdbcType=VARCHAR},
      EnrolledGroup = #{enrolledgroup,jdbcType=VARCHAR},
      ContractNo = #{contractno,jdbcType=VARCHAR},
      InnerBuyMoney = #{innerbuymoney,jdbcType=DECIMAL},
      Commission = #{commission,jdbcType=DECIMAL},
      EnterpriseCode = #{enterprisecode,jdbcType=VARCHAR},
      RaiseId = #{raiseid,jdbcType=VARCHAR},
      RaiseModeId = #{raisemodeid,jdbcType=VARCHAR},
      LenovoID = #{lenovoid,jdbcType=VARCHAR},
      FullReduce = #{fullreduce,jdbcType=DECIMAL}
    where ID = #{id,jdbcType=CHAR}
  </update>
</mapper>