<?xml version="1.0" encoding="UTF-8"?>
<!DOCTYPE mapper PUBLIC "-//mybatis.org//DTD Mapper 3.0//EN" "http://mybatis.org/dtd/mybatis-3-mapper.dtd">
<mapper namespace="com.lenovo.m2.couponV2.dao.mybatis.mapper.SalescouponsMapper">
  <resultMap id="BaseResultMap" type="com.lenovo.m2.couponV2.dao.mybatis.model.Salescoupons">
    <!--
      WARNING - @mbggenerated
      This element is automatically generated by MyBatis Generator, do not modify.
    -->
    <id column="ID" jdbcType="BIGINT" property="id" />
    <result column="Style" jdbcType="INTEGER" property="style" />
    <result column="UseScope" jdbcType="INTEGER" property="usescope" />
    <result column="ShopId" jdbcType="VARCHAR" property="shopid" />
    <result column="Terminal" jdbcType="VARCHAR" property="terminal" />
    <result column="Conditions" jdbcType="DECIMAL" property="conditions" />
    <result column="Name" jdbcType="VARCHAR" property="name" />
    <result column="CouponCode" jdbcType="VARCHAR" property="couponcode" />
    <result column="Type" jdbcType="INTEGER" property="type" />
    <result column="CouponWay" jdbcType="INTEGER" property="couponway" />
    <result column="EppGroup" jdbcType="VARCHAR" property="eppgroup" />
    <result column="IsCanGet" jdbcType="INTEGER" property="iscanget" />
    <result column="GetStartTime" jdbcType="TIMESTAMP" property="getstarttime" />
    <result column="GetEndTime" jdbcType="TIMESTAMP" property="getendtime" />
    <result column="Fromtime" jdbcType="TIMESTAMP" property="fromtime" />
    <result column="Totime" jdbcType="TIMESTAMP" property="totime" />
    <result column="BackSend" jdbcType="INTEGER" property="backsend" />
    <result column="Qualifications" jdbcType="INTEGER" property="qualifications" />
    <result column="Amount" jdbcType="DECIMAL" property="amount"/>
    <result column="CurrencyCode" jdbcType="VARCHAR" property="currencyCode" />
    <result column="PersonGetMaxTimes" jdbcType="INTEGER" property="persongetmaxtimes" />
    <result column="LimitType" jdbcType="INTEGER" property="limittype" />
    <result column="WholeNumber" jdbcType="INTEGER" property="wholenumber" />
    <result column="Classification" jdbcType="INTEGER" property="classification" />
    <result column="ClassificationName" jdbcType="VARCHAR" property="classificationName" />
    <result column="Superposition" jdbcType="INTEGER" property="superposition" />
    <result column="LimitSymbol" jdbcType="INTEGER" property="limitSymbol" />
    <result column="MaxNumber" jdbcType="INTEGER" property="maxnumber" />
    <result column="SendNumber" jdbcType="INTEGER" property="sendnumber" />
    <result column="Macode" jdbcType="VARCHAR" property="macode" />
    <result column="TotalNumber" jdbcType="INTEGER" property="totalnumber" />
    <result column="UsedNumber" jdbcType="INTEGER" property="usednumber" />
    <result column="BatchNo" jdbcType="VARCHAR" property="batchno" />
    <result column="HasPassed" jdbcType="INTEGER" property="haspassed" />
    <result column="Status" jdbcType="INTEGER" property="status" />
    <result column="CreateTime" jdbcType="TIMESTAMP" property="createtime" />
    <result column="CreateBy" jdbcType="VARCHAR" property="createby" />
    <result column="UpdateTime" jdbcType="TIMESTAMP" property="updatetime" />
    <result column="UpdateBy" jdbcType="VARCHAR" property="updateby" />
    <result column="Notice_valid_count" jdbcType="INTEGER" property="noticeValidCount" />
    <result column="Notice_invalid_count" jdbcType="INTEGER" property="noticeInvalidCount" />
    <result column="Description" jdbcType="VARCHAR" property="description" />
  </resultMap>
  <resultMap extends="BaseResultMap" id="ResultMapWithBLOBs" type="com.lenovo.m2.couponV2.dao.mybatis.model.Salescoupons">
    <!--
      WARNING - @mbggenerated
      This element is automatically generated by MyBatis Generator, do not modify.
    -->
    <result column="Description" jdbcType="LONGVARCHAR" property="description" />
    <result column="DisplayPosition" jdbcType="VARCHAR" property="displayPosition" />
  </resultMap>
  <sql id="Example_Where_Clause">
    <!--
      WARNING - @mbggenerated
      This element is automatically generated by MyBatis Generator, do not modify.
    -->
    <where>
      <foreach collection="oredCriteria" item="criteria" separator="or">
        <if test="criteria.valid">
          <trim prefix="(" prefixOverrides="and" suffix=")">
            <foreach collection="criteria.criteria" item="criterion">
              <choose>
                <when test="criterion.noValue">
                  and ${criterion.condition}
                </when>
                <when test="criterion.singleValue">
                  and ${criterion.condition} #{criterion.value}
                </when>
                <when test="criterion.betweenValue">
                  and ${criterion.condition} #{criterion.value} and #{criterion.secondValue}
                </when>
                <when test="criterion.listValue">
                  and ${criterion.condition}
                  <foreach close=")" collection="criterion.value" item="listItem" open="(" separator=",">
                    #{listItem}
                  </foreach>
                </when>
              </choose>
            </foreach>
          </trim>
        </if>
      </foreach>
    </where>
  </sql>
  <sql id="Update_By_Example_Where_Clause">
    <!--
      WARNING - @mbggenerated
      This element is automatically generated by MyBatis Generator, do not modify.
    -->
    <where>
      <foreach collection="example.oredCriteria" item="criteria" separator="or">
        <if test="criteria.valid">
          <trim prefix="(" prefixOverrides="and" suffix=")">
            <foreach collection="criteria.criteria" item="criterion">
              <choose>
                <when test="criterion.noValue">
                  and ${criterion.condition}
                </when>
                <when test="criterion.singleValue">
                  and ${criterion.condition} #{criterion.value}
                </when>
                <when test="criterion.betweenValue">
                  and ${criterion.condition} #{criterion.value} and #{criterion.secondValue}
                </when>
                <when test="criterion.listValue">
                  and ${criterion.condition}
                  <foreach close=")" collection="criterion.value" item="listItem" open="(" separator=",">
                    #{listItem}
                  </foreach>
                </when>
              </choose>
            </foreach>
          </trim>
        </if>
      </foreach>
    </where>
  </sql>
  <sql id="Base_Column_List">
    <!--
      WARNING - @mbggenerated
      This element is automatically generated by MyBatis Generator, do not modify.
    -->
    ID, Style, UseScope, ShopId, Terminal, Conditions, Name, CouponCode, Type, CouponWay, 
    EppGroup, IsCanGet, GetStartTime, GetEndTime, Fromtime, Totime, BackSend, Qualifications, 
    Amount, CurrencyCode, PersonGetMaxTimes, LimitType, WholeNumber, Classification,ClassificationName ,Superposition,
    LimitSymbol, MaxNumber, SendNumber, Macode, TotalNumber, UsedNumber, BatchNo, HasPassed, Status,
    CreateTime, CreateBy, UpdateTime, UpdateBy, Notice_valid_count, Notice_invalid_count
  </sql>
  <sql id="Blob_Column_List">
    <!--
      WARNING - @mbggenerated
      This element is automatically generated by MyBatis Generator, do not modify.
    -->
    Description
  </sql>
  <select id="selectByExampleWithBLOBs" parameterType="com.lenovo.m2.couponV2.dao.mybatis.model.SalescouponsExample" resultMap="ResultMapWithBLOBs">
    <!--
      WARNING - @mbggenerated
      This element is automatically generated by MyBatis Generator, do not modify.
    -->
    select
    <if test="distinct">
      distinct
    </if>
    <include refid="Base_Column_List" />
    ,
    <include refid="Blob_Column_List" />
    from salescoupons
    <if test="_parameter != null">
      <include refid="Example_Where_Clause" />
    </if>
    <if test="orderByClause != null">
      order by $orderByClause$
    </if>
  </select>
  <select id="selectByExample" parameterType="com.lenovo.m2.couponV2.dao.mybatis.model.SalescouponsExample" resultMap="BaseResultMap">
    <!--
      WARNING - @mbggenerated
      This element is automatically generated by MyBatis Generator, do not modify.
    -->
    select
    <if test="distinct">
      distinct
    </if>
    <include refid="Base_Column_List" />
    from salescoupons
    <if test="_parameter != null">
      <include refid="Example_Where_Clause" />
    </if>
    <if test="orderByClause != null">
      order by ${orderByClause}
    </if>
  </select>
  <select id="selectByPrimaryKey" parameterType="java.lang.Long" resultMap="ResultMapWithBLOBs">
    <!--
      WARNING - @mbggenerated
      This element is automatically generated by MyBatis Generator, do not modify.
    -->
    select 
    <include refid="Base_Column_List" />
    ,
    <include refid="Blob_Column_List" />
    from salescoupons
    where ID = #{id,jdbcType=BIGINT}
  </select>
  <delete id="deleteByPrimaryKey" parameterType="java.lang.Long">
    <!--
      WARNING - @mbggenerated
      This element is automatically generated by MyBatis Generator, do not modify.
    -->
    delete from salescoupons
    where ID = #{id,jdbcType=BIGINT}
  </delete>
  <delete id="deleteByExample" parameterType="com.lenovo.m2.couponV2.dao.mybatis.model.SalescouponsExample">
    <!--
      WARNING - @mbggenerated
      This element is automatically generated by MyBatis Generator, do not modify.
    -->
    delete from salescoupons
    <if test="_parameter != null">
      <include refid="Example_Where_Clause" />
    </if>
  </delete>
  <insert id="insert" parameterType="com.lenovo.m2.couponV2.dao.mybatis.model.Salescoupons" useGeneratedKeys="true" keyProperty="id">
    <!--
      WARNING - @mbggenerated
      This element is automatically generated by MyBatis Generator, do not modify.
    -->
    insert into salescoupons (ID, Style, UseScope, 
      ShopId, Terminal, Conditions, 
      Name, CouponCode, Type, 
      CouponWay, EppGroup, IsCanGet, 
      GetStartTime, GetEndTime, Fromtime, 
      Totime, BackSend, Qualifications, 
      Amount, CurrencyCode, PersonGetMaxTimes, LimitType,
      WholeNumber, Classification,ClassificationName,Superposition,
      LimitSymbol, MaxNumber, SendNumber, Macode,
      TotalNumber, UsedNumber, BatchNo, 
      HasPassed, Status, CreateTime, 
      CreateBy, UpdateTime, UpdateBy, 
      Notice_valid_count, Notice_invalid_count, Description
      )
    values (#{id,jdbcType=BIGINT}, #{style,jdbcType=INTEGER}, #{usescope,jdbcType=INTEGER}, 
      #{shopid,jdbcType=VARCHAR}, #{terminal,jdbcType=VARCHAR}, #{conditions,jdbcType=DECIMAL}, 
      #{name,jdbcType=VARCHAR}, #{couponcode,jdbcType=VARCHAR}, #{type,jdbcType=INTEGER}, 
      #{couponway,jdbcType=INTEGER}, #{eppgroup,jdbcType=VARCHAR}, #{iscanget,jdbcType=INTEGER}, 
      #{getstarttime,jdbcType=TIMESTAMP}, #{getendtime,jdbcType=TIMESTAMP}, #{fromtime,jdbcType=TIMESTAMP}, 
      #{totime,jdbcType=TIMESTAMP}, #{backsend,jdbcType=INTEGER}, #{qualifications,jdbcType=INTEGER}, 
      #{amount,jdbcType=DECIMAL}, #{currencyCode, jdbcType=VARCHAR}, #{persongetmaxtimes,jdbcType=INTEGER}, #{limittype,jdbcType=INTEGER},
      #{wholenumber,jdbcType=INTEGER}, #{classification,jdbcType=INTEGER},#{classificationName,jdbcType=VARCHAR}, #{superposition,jdbcType=INTEGER},
      #{limitSymbol, jdbcType=INTEGER}, #{maxnumber,jdbcType=INTEGER}, #{sendnumber,jdbcType=INTEGER}, #{macode,jdbcType=VARCHAR},
      #{totalnumber,jdbcType=INTEGER}, #{usednumber,jdbcType=INTEGER}, #{batchno,jdbcType=VARCHAR}, 
      #{haspassed,jdbcType=INTEGER}, #{status,jdbcType=INTEGER}, #{createtime,jdbcType=TIMESTAMP}, 
      #{createby,jdbcType=VARCHAR}, #{updatetime,jdbcType=TIMESTAMP}, #{updateby,jdbcType=VARCHAR}, 
      #{noticeValidCount,jdbcType=INTEGER}, #{noticeInvalidCount,jdbcType=INTEGER}, #{description,jdbcType=LONGVARCHAR}
      )
  </insert>
  <insert id="insertSelective" parameterType="com.lenovo.m2.couponV2.dao.mybatis.model.Salescoupons" useGeneratedKeys="true" keyProperty="id">
    <!--
      WARNING - @mbggenerated
      This element is automatically generated by MyBatis Generator, do not modify.
    -->
    insert into salescoupons
    <trim prefix="(" suffix=")" suffixOverrides=",">
      <if test="id != null">
        ID,
      </if>
      <if test="style != null">
        Style,
      </if>
      <if test="usescope != null">
        UseScope,
      </if>
      <if test="shopid != null">
        ShopId,
      </if>
      <if test="terminal != null">
        Terminal,
      </if>
      <if test="conditions != null">
        Conditions,
      </if>
      <if test="name != null">
        Name,
      </if>
      <if test="couponcode != null">
        CouponCode,
      </if>
      <if test="type != null">
        Type,
      </if>
      <if test="couponway != null">
        CouponWay,
      </if>
      <if test="eppgroup != null">
        EppGroup,
      </if>
      <if test="iscanget != null">
        IsCanGet,
      </if>
      <if test="getstarttime != null">
        GetStartTime,
      </if>
      <if test="getendtime != null">
        GetEndTime,
      </if>
      <if test="fromtime != null">
        Fromtime,
      </if>
      <if test="totime != null">
        Totime,
      </if>
      <if test="backsend != null">
        BackSend,
      </if>
      <if test="qualifications != null">
        Qualifications,
      </if>
      <if test="amount != null">
        Amount,
      </if>
      <if test="currencyCode != null">
        CurrencyCode,
      </if>
      <if test="persongetmaxtimes != null">
        PersonGetMaxTimes,
      </if>
      <if test="limittype != null">
        LimitType,
      </if>
      <if test="wholenumber != null">
        WholeNumber,
      </if>
      <if test="classification != null">
        Classification,
      </if>
      <if test="classificationName != null">
        ClassificationName,
      </if>
      <if test="superposition != null">
        Superposition,
      </if>
      <if test="limitSymbol != null">
        LimitSymbol,
      </if>
      <if test="maxnumber != null">
        MaxNumber,
      </if>
      <if test="sendnumber != null">
        SendNumber,
      </if>
      <if test="macode != null">
        Macode,
      </if>
      <if test="totalnumber != null">
        TotalNumber,
      </if>
      <if test="usednumber != null">
        UsedNumber,
      </if>
      <if test="batchno != null">
        BatchNo,
      </if>
      <if test="haspassed != null">
        HasPassed,
      </if>
      <if test="status != null">
        Status,
      </if>
      <if test="createtime != null">
        CreateTime,
      </if>
      <if test="createby != null">
        CreateBy,
      </if>
      <if test="updatetime != null">
        UpdateTime,
      </if>
      <if test="updateby != null">
        UpdateBy,
      </if>
      <if test="noticeValidCount != null">
        Notice_valid_count,
      </if>
      <if test="noticeInvalidCount != null">
        Notice_invalid_count,
      </if>
      <if test="description != null">
        Description,
      </if>
    </trim>
    <trim prefix="values (" suffix=")" suffixOverrides=",">
      <if test="id != null">
        #{id,jdbcType=BIGINT},
      </if>
      <if test="style != null">
        #{style,jdbcType=INTEGER},
      </if>
      <if test="usescope != null">
        #{usescope,jdbcType=INTEGER},
      </if>
      <if test="shopid != null">
        #{shopid,jdbcType=VARCHAR},
      </if>
      <if test="terminal != null">
        #{terminal,jdbcType=VARCHAR},
      </if>
      <if test="conditions != null">
        #{conditions,jdbcType=DECIMAL},
      </if>
      <if test="name != null">
        #{name,jdbcType=VARCHAR},
      </if>
      <if test="couponcode != null">
        #{couponcode,jdbcType=VARCHAR},
      </if>
      <if test="type != null">
        #{type,jdbcType=INTEGER},
      </if>
      <if test="couponway != null">
        #{couponway,jdbcType=INTEGER},
      </if>
      <if test="eppgroup != null">
        #{eppgroup,jdbcType=VARCHAR},
      </if>
      <if test="iscanget != null">
        #{iscanget,jdbcType=INTEGER},
      </if>
      <if test="getstarttime != null">
        #{getstarttime,jdbcType=TIMESTAMP},
      </if>
      <if test="getendtime != null">
        #{getendtime,jdbcType=TIMESTAMP},
      </if>
      <if test="fromtime != null">
        #{fromtime,jdbcType=TIMESTAMP},
      </if>
      <if test="totime != null">
        #{totime,jdbcType=TIMESTAMP},
      </if>
      <if test="backsend != null">
        #{backsend,jdbcType=INTEGER},
      </if>
      <if test="qualifications != null">
        #{qualifications,jdbcType=INTEGER},
      </if>
      <if test="amount != null">
        #{amount,jdbcType=DECIMAL},
      </if>
      <if test="currencyCode != null">
        #{currencyCode,jdbcType=VARCHAR}
      </if>
      <if test="persongetmaxtimes != null">
        #{persongetmaxtimes,jdbcType=INTEGER},
      </if>
      <if test="limittype != null">
        #{limittype,jdbcType=INTEGER},
      </if>
      <if test="wholenumber != null">
        #{wholenumber,jdbcType=INTEGER},
      </if>
      <if test="classification != null">
        #{classification,jdbcType=INTEGER},
      </if>
      <if test="classificationName != null">
        #{classificationName,jdbcType=VARCHAR},
      </if>
      <if test="superposition != null">
        #{superposition,jdbcType=INTEGER},
      </if>
      <if test="limitSymbol != null">
        #{limitSymbol,jdbcType=INTEGER},
      </if>
      <if test="maxnumber != null">
        #{maxnumber,jdbcType=INTEGER},
      </if>
      <if test="sendnumber != null">
        #{sendnumber,jdbcType=INTEGER},
      </if>
      <if test="macode != null">
        #{macode,jdbcType=VARCHAR},
      </if>
      <if test="totalnumber != null">
        #{totalnumber,jdbcType=INTEGER},
      </if>
      <if test="usednumber != null">
        #{usednumber,jdbcType=INTEGER},
      </if>
      <if test="batchno != null">
        #{batchno,jdbcType=VARCHAR},
      </if>
      <if test="haspassed != null">
        #{haspassed,jdbcType=INTEGER},
      </if>
      <if test="status != null">
        #{status,jdbcType=INTEGER},
      </if>
      <if test="createtime != null">
        #{createtime,jdbcType=TIMESTAMP},
      </if>
      <if test="createby != null">
        #{createby,jdbcType=VARCHAR},
      </if>
      <if test="updatetime != null">
        #{updatetime,jdbcType=TIMESTAMP},
      </if>
      <if test="updateby != null">
        #{updateby,jdbcType=VARCHAR},
      </if>
      <if test="noticeValidCount != null">
        #{noticeValidCount,jdbcType=INTEGER},
      </if>
      <if test="noticeInvalidCount != null">
        #{noticeInvalidCount,jdbcType=INTEGER},
      </if>
      <if test="description != null">
        #{description,jdbcType=LONGVARCHAR},
      </if>
    </trim>
  </insert>
  <select id="countByExample" parameterType="com.lenovo.m2.couponV2.dao.mybatis.model.SalescouponsExample" resultType="java.lang.Integer">
    <!--
      WARNING - @mbggenerated
      This element is automatically generated by MyBatis Generator, do not modify.
    -->
    select count(*) from salescoupons
    <if test="_parameter != null">
      <include refid="Example_Where_Clause" />
    </if>
  </select>
  <update id="updateByExampleSelective" parameterType="map">
    <!--
      WARNING - @mbggenerated
      This element is automatically generated by MyBatis Generator, do not modify.
    -->
    update salescoupons
    <set>
      <if test="record.id != null">
        ID = #{record.id,jdbcType=BIGINT},
      </if>
      <if test="record.style != null">
        Style = #{record.style,jdbcType=INTEGER},
      </if>
      <if test="record.usescope != null">
        UseScope = #{record.usescope,jdbcType=INTEGER},
      </if>
      <if test="record.shopid != null">
        ShopId = #{record.shopid,jdbcType=VARCHAR},
      </if>
      <if test="record.terminal != null">
        Terminal = #{record.terminal,jdbcType=VARCHAR},
      </if>
      <if test="record.conditions != null">
        Conditions = #{record.conditions,jdbcType=DECIMAL},
      </if>
      <if test="record.name != null">
        Name = #{record.name,jdbcType=VARCHAR},
      </if>
      <if test="record.couponcode != null">
        CouponCode = #{record.couponcode,jdbcType=VARCHAR},
      </if>
      <if test="record.type != null">
        Type = #{record.type,jdbcType=INTEGER},
      </if>
      <if test="record.couponway != null">
        CouponWay = #{record.couponway,jdbcType=INTEGER},
      </if>
      <if test="record.eppgroup != null">
        EppGroup = #{record.eppgroup,jdbcType=VARCHAR},
      </if>
      <if test="record.iscanget != null">
        IsCanGet = #{record.iscanget,jdbcType=INTEGER},
      </if>
      <if test="record.getstarttime != null">
        GetStartTime = #{record.getstarttime,jdbcType=TIMESTAMP},
      </if>
      <if test="record.getendtime != null">
        GetEndTime = #{record.getendtime,jdbcType=TIMESTAMP},
      </if>
      <if test="record.fromtime != null">
        Fromtime = #{record.fromtime,jdbcType=TIMESTAMP},
      </if>
      <if test="record.totime != null">
        Totime = #{record.totime,jdbcType=TIMESTAMP},
      </if>
      <if test="record.backsend != null">
        BackSend = #{record.backsend,jdbcType=INTEGER},
      </if>
      <if test="record.qualifications != null">
        Qualifications = #{record.qualifications,jdbcType=INTEGER},
      </if>
      <if test="record.amount != null">
        Amount = #{record.amount,jdbcType=DECIMAL},
      </if>
      <if test="record.currencyCode != null">
        CurrencyCode = #{record.currencyCode,jdbcType=VARCHAR},
      </if>
      <if test="record.persongetmaxtimes != null">
        PersonGetMaxTimes = #{record.persongetmaxtimes,jdbcType=INTEGER},
      </if>
      <if test="record.limittype != null">
        LimitType = #{record.limittype,jdbcType=INTEGER},
      </if>
      <if test="record.wholenumber != null">
        WholeNumber = #{record.wholenumber,jdbcType=INTEGER},
      </if>
      <if test="record.classification != null">
        Classification = #{record.classification,jdbcType=INTEGER},
      </if>
      <if test="record.classificationName != null">
        ClassificationName = #{record.classificationName,jdbcType=VARCHAR},
      </if>
      <if test="record.superposition != null">
        Superposition = #{record.superposition,jdbcType=INTEGER},
      </if>
      <if test="record.limitSymbol != null">
        LimitSymbol = #{record.limitSymbol,jdbcType=INTEGER},
      </if>
      <if test="record.maxnumber != null">
        MaxNumber = #{record.maxnumber,jdbcType=INTEGER},
      </if>
      <if test="record.sendnumber != null">
        SendNumber = #{record.sendnumber,jdbcType=INTEGER},
      </if>
      <if test="record.macode != null">
        Macode = #{record.macode,jdbcType=VARCHAR},
      </if>
      <if test="record.totalnumber != null">
        TotalNumber = #{record.totalnumber,jdbcType=INTEGER},
      </if>
      <if test="record.usednumber != null">
        UsedNumber = #{record.usednumber,jdbcType=INTEGER},
      </if>
      <if test="record.batchno != null">
        BatchNo = #{record.batchno,jdbcType=VARCHAR},
      </if>
      <if test="record.haspassed != null">
        HasPassed = #{record.haspassed,jdbcType=INTEGER},
      </if>
      <if test="record.status != null">
        Status = #{record.status,jdbcType=INTEGER},
      </if>
      <if test="record.createtime != null">
        CreateTime = #{record.createtime,jdbcType=TIMESTAMP},
      </if>
      <if test="record.createby != null">
        CreateBy = #{record.createby,jdbcType=VARCHAR},
      </if>
      <if test="record.updatetime != null">
        UpdateTime = #{record.updatetime,jdbcType=TIMESTAMP},
      </if>
      <if test="record.updateby != null">
        UpdateBy = #{record.updateby,jdbcType=VARCHAR},
      </if>
      <if test="record.noticeValidCount != null">
        Notice_valid_count = #{record.noticeValidCount,jdbcType=INTEGER},
      </if>
      <if test="record.noticeInvalidCount != null">
        Notice_invalid_count = #{record.noticeInvalidCount,jdbcType=INTEGER},
      </if>
      <if test="record.description != null">
        Description = #{record.description,jdbcType=LONGVARCHAR},
      </if>
    </set>
    <if test="_parameter != null">
      <include refid="Update_By_Example_Where_Clause" />
    </if>
  </update>
  <update id="updateByExampleWithBLOBs" parameterType="map">
    <!--
      WARNING - @mbggenerated
      This element is automatically generated by MyBatis Generator, do not modify.
    -->
    update salescoupons
    set ID = #{record.id,jdbcType=BIGINT},
      Style = #{record.style,jdbcType=INTEGER},
      UseScope = #{record.usescope,jdbcType=INTEGER},
      ShopId = #{record.shopid,jdbcType=VARCHAR},
      Terminal = #{record.terminal,jdbcType=VARCHAR},
      Conditions = #{record.conditions,jdbcType=DECIMAL},
      Name = #{record.name,jdbcType=VARCHAR},
      CouponCode = #{record.couponcode,jdbcType=VARCHAR},
      Type = #{record.type,jdbcType=INTEGER},
      CouponWay = #{record.couponway,jdbcType=INTEGER},
      EppGroup = #{record.eppgroup,jdbcType=VARCHAR},
      IsCanGet = #{record.iscanget,jdbcType=INTEGER},
      GetStartTime = #{record.getstarttime,jdbcType=TIMESTAMP},
      GetEndTime = #{record.getendtime,jdbcType=TIMESTAMP},
      Fromtime = #{record.fromtime,jdbcType=TIMESTAMP},
      Totime = #{record.totime,jdbcType=TIMESTAMP},
      BackSend = #{record.backsend,jdbcType=INTEGER},
      Qualifications = #{record.qualifications,jdbcType=INTEGER},
      Amount = #{record.amount,jdbcType=DECIMAL},
      CurrencyCode = #{record.currencyCode,jdbcType=VARCHAR},
      PersonGetMaxTimes = #{record.persongetmaxtimes,jdbcType=INTEGER},
      LimitType = #{record.limittype,jdbcType=INTEGER},
      WholeNumber = #{record.wholenumber,jdbcType=INTEGER},
      Classification = #{record.classification,jdbcType=INTEGER},
      ClassificationName = #{record.classificationName,jdbcType=VARCHAR},
      Superposition = #{record.superposition,jdbcType=INTEGER},
      LimitSymbol = #{record.limitSymbol,jdbcType=INTEGER},
      MaxNumber = #{record.maxnumber,jdbcType=INTEGER},
      SendNumber = #{record.sendnumber,jdbcType=INTEGER},
      Macode = #{record.macode,jdbcType=VARCHAR},
      TotalNumber = #{record.totalnumber,jdbcType=INTEGER},
      UsedNumber = #{record.usednumber,jdbcType=INTEGER},
      BatchNo = #{record.batchno,jdbcType=VARCHAR},
      HasPassed = #{record.haspassed,jdbcType=INTEGER},
      Status = #{record.status,jdbcType=INTEGER},
      CreateTime = #{record.createtime,jdbcType=TIMESTAMP},
      CreateBy = #{record.createby,jdbcType=VARCHAR},
      UpdateTime = #{record.updatetime,jdbcType=TIMESTAMP},
      UpdateBy = #{record.updateby,jdbcType=VARCHAR},
      Notice_valid_count = #{record.noticeValidCount,jdbcType=INTEGER},
      Notice_invalid_count = #{record.noticeInvalidCount,jdbcType=INTEGER},
      Description = #{record.description,jdbcType=LONGVARCHAR}
    <if test="_parameter != null">
      <include refid="Update_By_Example_Where_Clause" />
    </if>
  </update>
  <update id="updateByExample" parameterType="map">
    <!--
      WARNING - @mbggenerated
      This element is automatically generated by MyBatis Generator, do not modify.
    -->
    update salescoupons
    set ID = #{record.id,jdbcType=BIGINT},
      Style = #{record.style,jdbcType=INTEGER},
      UseScope = #{record.usescope,jdbcType=INTEGER},
      ShopId = #{record.shopid,jdbcType=VARCHAR},
      Terminal = #{record.terminal,jdbcType=VARCHAR},
      Conditions = #{record.conditions,jdbcType=DECIMAL},
      Name = #{record.name,jdbcType=VARCHAR},
      CouponCode = #{record.couponcode,jdbcType=VARCHAR},
      Type = #{record.type,jdbcType=INTEGER},
      CouponWay = #{record.couponway,jdbcType=INTEGER},
      EppGroup = #{record.eppgroup,jdbcType=VARCHAR},
      IsCanGet = #{record.iscanget,jdbcType=INTEGER},
      GetStartTime = #{record.getstarttime,jdbcType=TIMESTAMP},
      GetEndTime = #{record.getendtime,jdbcType=TIMESTAMP},
      Fromtime = #{record.fromtime,jdbcType=TIMESTAMP},
      Totime = #{record.totime,jdbcType=TIMESTAMP},
      BackSend = #{record.backsend,jdbcType=INTEGER},
      Qualifications = #{record.qualifications,jdbcType=INTEGER},
      Amount = #{record.amount,jdbcType=DECIMAL},
      CurrencyCode = #{record.currencyCode,jdbcType=VARCHAR},
      PersonGetMaxTimes = #{record.persongetmaxtimes,jdbcType=INTEGER},
      LimitType = #{record.limittype,jdbcType=INTEGER},
      WholeNumber = #{record.wholenumber,jdbcType=INTEGER},
      Classification = #{record.classification,jdbcType=INTEGER},
      ClassificationName = #{record.classificationName,jdbcType=VARCHAR},
      Superposition = #{record.superposition,jdbcType=INTEGER},
      LimitSymbol = #{record.limitSymbol,jdbcType=INTEGER},
      MaxNumber = #{record.maxnumber,jdbcType=INTEGER},
      SendNumber = #{record.sendnumber,jdbcType=INTEGER},
      Macode = #{record.macode,jdbcType=VARCHAR},
      TotalNumber = #{record.totalnumber,jdbcType=INTEGER},
      UsedNumber = #{record.usednumber,jdbcType=INTEGER},
      BatchNo = #{record.batchno,jdbcType=VARCHAR},
      HasPassed = #{record.haspassed,jdbcType=INTEGER},
      Status = #{record.status,jdbcType=INTEGER},
      CreateTime = #{record.createtime,jdbcType=TIMESTAMP},
      CreateBy = #{record.createby,jdbcType=VARCHAR},
      UpdateTime = #{record.updatetime,jdbcType=TIMESTAMP},
      UpdateBy = #{record.updateby,jdbcType=VARCHAR},
      Notice_valid_count = #{record.noticeValidCount,jdbcType=INTEGER},
      Notice_invalid_count = #{record.noticeInvalidCount,jdbcType=INTEGER}
    <if test="_parameter != null">
      <include refid="Update_By_Example_Where_Clause" />
    </if>
  </update>
  <update id="updateByPrimaryKeySelective" parameterType="com.lenovo.m2.couponV2.dao.mybatis.model.Salescoupons">
    <!--
      WARNING - @mbggenerated
      This element is automatically generated by MyBatis Generator, do not modify.
    -->
    update salescoupons
    <set>
      <if test="style != null">
        Style = #{style,jdbcType=INTEGER},
      </if>
      <if test="usescope != null">
        UseScope = #{usescope,jdbcType=INTEGER},
      </if>
      <if test="shopid != null">
        ShopId = #{shopid,jdbcType=VARCHAR},
      </if>
      <if test="terminal != null">
        Terminal = #{terminal,jdbcType=VARCHAR},
      </if>
      <if test="conditions != null">
        Conditions = #{conditions,jdbcType=DECIMAL},
      </if>
      <if test="name != null">
        Name = #{name,jdbcType=VARCHAR},
      </if>
      <if test="couponcode != null">
        CouponCode = #{couponcode,jdbcType=VARCHAR},
      </if>
      <if test="type != null">
        Type = #{type,jdbcType=INTEGER},
      </if>
      <if test="couponway != null">
        CouponWay = #{couponway,jdbcType=INTEGER},
      </if>
      <if test="eppgroup != null">
        EppGroup = #{eppgroup,jdbcType=VARCHAR},
      </if>
      <if test="iscanget != null">
        IsCanGet = #{iscanget,jdbcType=INTEGER},
      </if>
      <if test="getstarttime != null">
        GetStartTime = #{getstarttime,jdbcType=TIMESTAMP},
      </if>
      <if test="getendtime != null">
        GetEndTime = #{getendtime,jdbcType=TIMESTAMP},
      </if>
      <if test="fromtime != null">
        Fromtime = #{fromtime,jdbcType=TIMESTAMP},
      </if>
      <if test="totime != null">
        Totime = #{totime,jdbcType=TIMESTAMP},
      </if>
      <if test="backsend != null">
        BackSend = #{backsend,jdbcType=INTEGER},
      </if>
      <if test="qualifications != null">
        Qualifications = #{qualifications,jdbcType=INTEGER},
      </if>
      <if test="amount != null">
        Amount = #{amount,jdbcType=DECIMAL},
      </if>
      <if test="currencyCode != null">
        CurrencyCode = #{currencyCode,jdbcType=VARCHAR},
      </if>
      <if test="persongetmaxtimes != null">
        PersonGetMaxTimes = #{persongetmaxtimes,jdbcType=INTEGER},
      </if>
      <if test="limittype != null">
        LimitType = #{limittype,jdbcType=INTEGER},
      </if>
      <if test="wholenumber != null">
        WholeNumber = #{wholenumber,jdbcType=INTEGER},
      </if>
      <if test="classification != null">
        Classification = #{classification,jdbcType=INTEGER},
      </if>
      <if test="classificationName != null">
        ClassificationName = #{classificationName,jdbcType=VARCHAR},
      </if>
      <if test="superposition != null">
        Superposition = #{superposition,jdbcType=INTEGER},
      </if>
      <if test="limitSymbol != null">
        LimitSymbol = #{limitSymbol,jdbcType=INTEGER},
      </if>
      <if test="maxnumber != null">
        MaxNumber = #{maxnumber,jdbcType=INTEGER},
      </if>
      <if test="sendnumber != null">
        SendNumber = #{sendnumber,jdbcType=INTEGER},
      </if>
      <if test="macode != null">
        Macode = #{macode,jdbcType=VARCHAR},
      </if>
      <if test="totalnumber != null">
        TotalNumber = #{totalnumber,jdbcType=INTEGER},
      </if>
      <if test="usednumber != null">
        UsedNumber = #{usednumber,jdbcType=INTEGER},
      </if>
      <if test="batchno != null">
        BatchNo = #{batchno,jdbcType=VARCHAR},
      </if>
      <if test="haspassed != null">
        HasPassed = #{haspassed,jdbcType=INTEGER},
      </if>
      <if test="status != null">
        Status = #{status,jdbcType=INTEGER},
      </if>
      <if test="createtime != null">
        CreateTime = #{createtime,jdbcType=TIMESTAMP},
      </if>
      <if test="createby != null">
        CreateBy = #{createby,jdbcType=VARCHAR},
      </if>
      <if test="updatetime != null">
        UpdateTime = #{updatetime,jdbcType=TIMESTAMP},
      </if>
      <if test="updateby != null">
        UpdateBy = #{updateby,jdbcType=VARCHAR},
      </if>
      <if test="noticeValidCount != null">
        Notice_valid_count = #{noticeValidCount,jdbcType=INTEGER},
      </if>
      <if test="noticeInvalidCount != null">
        Notice_invalid_count = #{noticeInvalidCount,jdbcType=INTEGER},
      </if>
      <if test="description != null">
        Description = #{description,jdbcType=LONGVARCHAR},
      </if>
    </set>
    where ID = #{id,jdbcType=BIGINT}
  </update>
  <update id="updateByPrimaryKeyWithBLOBs" parameterType="com.lenovo.m2.couponV2.dao.mybatis.model.Salescoupons">
    <!--
      WARNING - @mbggenerated
      This element is automatically generated by MyBatis Generator, do not modify.
    -->
    update salescoupons
    set Style = #{style,jdbcType=INTEGER},
      UseScope = #{usescope,jdbcType=INTEGER},
      ShopId = #{shopid,jdbcType=VARCHAR},
      Terminal = #{terminal,jdbcType=VARCHAR},
      Conditions = #{conditions,jdbcType=DECIMAL},
      Name = #{name,jdbcType=VARCHAR},
      CouponCode = #{couponcode,jdbcType=VARCHAR},
      Type = #{type,jdbcType=INTEGER},
      CouponWay = #{couponway,jdbcType=INTEGER},
      EppGroup = #{eppgroup,jdbcType=VARCHAR},
      IsCanGet = #{iscanget,jdbcType=INTEGER},
      GetStartTime = #{getstarttime,jdbcType=TIMESTAMP},
      GetEndTime = #{getendtime,jdbcType=TIMESTAMP},
      Fromtime = #{fromtime,jdbcType=TIMESTAMP},
      Totime = #{totime,jdbcType=TIMESTAMP},
      BackSend = #{backsend,jdbcType=INTEGER},
      Qualifications = #{qualifications,jdbcType=INTEGER},
      Amount = #{amount,jdbcType=DECIMAL},
      CurrencyCode = #{currencyCode,jdbcType=VARCHAR},
      PersonGetMaxTimes = #{persongetmaxtimes,jdbcType=INTEGER},
      LimitType = #{limittype,jdbcType=INTEGER},
      WholeNumber = #{wholenumber,jdbcType=INTEGER},
      Classification = #{classification,jdbcType=INTEGER},
      ClassificationName = #{classificationName,jdbcType=VARCHAR},
      Superposition = #{superposition,jdbcType=INTEGER},
      LimitSymbol = #{limitSymbol,jdbcType=INTEGER},
      MaxNumber = #{maxnumber,jdbcType=INTEGER},
      SendNumber = #{sendnumber,jdbcType=INTEGER},
      Macode = #{macode,jdbcType=VARCHAR},
      TotalNumber = #{totalnumber,jdbcType=INTEGER},
      UsedNumber = #{usednumber,jdbcType=INTEGER},
      BatchNo = #{batchno,jdbcType=VARCHAR},
      HasPassed = #{haspassed,jdbcType=INTEGER},
      Status = #{status,jdbcType=INTEGER},
      CreateTime = #{createtime,jdbcType=TIMESTAMP},
      CreateBy = #{createby,jdbcType=VARCHAR},
      UpdateTime = #{updatetime,jdbcType=TIMESTAMP},
      UpdateBy = #{updateby,jdbcType=VARCHAR},
      Notice_valid_count = #{noticeValidCount,jdbcType=INTEGER},
      Notice_invalid_count = #{noticeInvalidCount,jdbcType=INTEGER},
      Description = #{description,jdbcType=LONGVARCHAR}
    where ID = #{id,jdbcType=BIGINT}
  </update>
  <update id="updateByPrimaryKey" parameterType="com.lenovo.m2.couponV2.dao.mybatis.model.Salescoupons">
    <!--
      WARNING - @mbggenerated
      This element is automatically generated by MyBatis Generator, do not modify.
    -->
    update salescoupons
    set Style = #{style,jdbcType=INTEGER},
      UseScope = #{usescope,jdbcType=INTEGER},
      ShopId = #{shopid,jdbcType=VARCHAR},
      Terminal = #{terminal,jdbcType=VARCHAR},
      Conditions = #{conditions,jdbcType=DECIMAL},
      Name = #{name,jdbcType=VARCHAR},
      CouponCode = #{couponcode,jdbcType=VARCHAR},
      Type = #{type,jdbcType=INTEGER},
      CouponWay = #{couponway,jdbcType=INTEGER},
      EppGroup = #{eppgroup,jdbcType=VARCHAR},
      IsCanGet = #{iscanget,jdbcType=INTEGER},
      GetStartTime = #{getstarttime,jdbcType=TIMESTAMP},
      GetEndTime = #{getendtime,jdbcType=TIMESTAMP},
      Fromtime = #{fromtime,jdbcType=TIMESTAMP},
      Totime = #{totime,jdbcType=TIMESTAMP},
      BackSend = #{backsend,jdbcType=INTEGER},
      Qualifications = #{qualifications,jdbcType=INTEGER},
      Amount = #{amount,jdbcType=DECIMAL},
      CurrencyCode = #{currencyCode,jdbcType=VARCHAR},
      PersonGetMaxTimes = #{persongetmaxtimes,jdbcType=INTEGER},
      LimitType = #{limittype,jdbcType=INTEGER},
      WholeNumber = #{wholenumber,jdbcType=INTEGER},
      Classification = #{classification,jdbcType=INTEGER},
      ClassificationName = #{classificationName,jdbcType=VARCHAR},
      Superposition = #{superposition,jdbcType=INTEGER},
      LimitSymbol = #{limitSymbol,jdbcType=INTEGER},
      MaxNumber = #{maxnumber,jdbcType=INTEGER},
      SendNumber = #{sendnumber,jdbcType=INTEGER},
      Macode = #{macode,jdbcType=VARCHAR},
      TotalNumber = #{totalnumber,jdbcType=INTEGER},
      UsedNumber = #{usednumber,jdbcType=INTEGER},
      BatchNo = #{batchno,jdbcType=VARCHAR},
      HasPassed = #{haspassed,jdbcType=INTEGER},
      Status = #{status,jdbcType=INTEGER},
      CreateTime = #{createtime,jdbcType=TIMESTAMP},
      CreateBy = #{createby,jdbcType=VARCHAR},
      UpdateTime = #{updatetime,jdbcType=TIMESTAMP},
      UpdateBy = #{updateby,jdbcType=VARCHAR},
      Notice_valid_count = #{noticeValidCount,jdbcType=INTEGER},
      Notice_invalid_count = #{noticeInvalidCount,jdbcType=INTEGER}
    where ID = #{id,jdbcType=BIGINT}
  </update>

    <!-- 分页查询 -->
    <select flushCache="false" id="getSalescouponsInfoPage" parameterType="map" resultMap="ResultMapWithBLOBs" useCache="true">
        SELECT
      t.ID, t.Style, t.UseScope, t.ShopId, t.Terminal, t.Conditions, t.Name, t.CouponCode, t.Type, t.CouponWay,
      t.EppGroup, t.IsCanGet, t.GetStartTime, t.GetEndTime, t.Fromtime, t.Totime, t.BackSend, t.Qualifications,
      t.Amount, t.CurrencyCode, t.PersonGetMaxTimes, t.LimitType, t.WholeNumber, t.Classification,t.ClassificationName ,t.Superposition,
      t.LimitSymbol, t.MaxNumber, t.SendNumber, t.Macode, t.TotalNumber, t.UsedNumber, t.BatchNo, t.HasPassed, t.Status,
      t.CreateTime, t.CreateBy, t.UpdateTime, t.UpdateBy, t.Notice_valid_count, t.Notice_invalid_count
        ,
        <include refid="Blob_Column_List" />
        FROM salescoupons t LEFT  JOIN productrule p ON p.SalesCouponID = t.ID
        <if test="param2 !=null">
            <where>
            	<if test="param2.materialcodes != null and param2.materialcodes!='' ">
            		and p.MaterialCodes REGEXP #{param2.materialcodes}

            	</if>
                <if test="param2.style != null and param2.style!='' ">
                    and t.Style = #{param2.style}
                </if>
                <if test="param2.type != null and param2.type!='' ">
                    and t.Type = #{param2.type}
                </if>
                <if test="param2.couponcode != null and param2.couponcode!='' ">
                    and t.CouponCode = #{param2.couponcode}
                </if>
                <if test="param2.name != null and param2.name!='' ">
                    and t.Name  like CONCAT(CONCAT('%',#{param2.name},'%'))
                </if>
                <if test="param2.iscanget!=null and param2.iscanget!=''">
                    and t.IsCanGet = #{param2.iscanget}
                </if>
                <if test="param2.amount!=null and param2.amount!=''">
                    and t.Amount = #{param2.amount}
                </if>
                <if test="param2.maxnumber!=null and param2.maxnumber!=''">
                    and t.MaxNumber = #{param2.maxnumber}
                </if>
                <if test="param2.totalNumber!=null and param2.totalNumber!=''">
                    and t.TotalNumber = #{param2.totalNumber}
                </if>
                <if test="param2.currencyCode!=null and param2.currencyCode!=''">
                    and t.CurrencyCode = #{param2.currencyCode}
                </if>
                <if test="param2.status!=null and param2.status!=''">
                    and t.Status = #{param2.status}
                </if>
                <if test="param2.usescope!=null and param2.usescope!=''">
                    and t.UseScope = #{param2.usescope}
                </if>
                <if test="param2.shopid!=null and param2.shopid!=''">
                    and t.ShopId = #{param2.shopid}
                </if>
                <if test="param2.shopids!=null and param2.shopids!=''">
                  and t.ShopId IN
                  <foreach close=")" collection="param2.shopids" item="listItem" open="(" separator=",">
                    #{listItem}
                  </foreach>
                </if>
                <if test="param2.terminal!=null and param2.terminal!=''">
                    and t.Terminal REGEXP #{param2.terminal}
                </if>
                <if test="param2.classification!=null and param2.classification!=''">
                    and t.Classification = #{param2.classification}
                </if>
                <if test="param2.classificationName!=null and param2.classificationName!=''">
                    and t.ClassificationName = #{param2.classificationName}
                </if>
                <if test="param2.getstarttime!=null and param2.getstarttime!=''">
                    and DATE_FORMAT(t.GetStartTime,'%Y-%m-%d') &gt;= #{param2.getstarttime}
                </if>
                <if test="param2.getendtime!=null and param2.getendtime!=''">
                    and DATE_FORMAT(t.GetEndTime,'%Y-%m-%d') &lt;= #{param2.getendtime}
                </if>
                <if test="param2.fromtime!=null and param2.fromtime!=''">
                    and DATE_FORMAT(t.Fromtime,'%Y-%m-%d')  &gt;= #{param2.fromtime}
                </if>
                <if test="param2.totime!=null and param2.totime!=''">
                    and DATE_FORMAT(t.Totime,'%Y-%m-%d') &lt;= #{param2.totime}
                </if>
                <if test="param2.createtime_start!=null and param2.createtime_start!=''">
                    and DATE_FORMAT(t.CreateTime,'%Y-%m-%d') &gt;= #{param2.createtime_start}
                </if>
                <if test="param2.createtime_end!=null and param2.createtime_end!=''">
                    and DATE_FORMAT(t.CreateTime,'%Y-%m-%d') &lt;= #{param2.createtime_end}
                </if>
            </where>
        </if>
        order by t.UpdateTime desc
    </select>

    <!-- 根据主键ids查询 -->
    <select id="getSalescouponsList" parameterType="map" resultMap="ResultMapWithBLOBs">
        select
        <include refid="Base_Column_List" />
        ,
        <include refid="Blob_Column_List" />
        from salescoupons
        where ID IN
        <foreach close=")" collection="ids" item="listItem" open="(" separator=",">
            #{listItem}
        </foreach>
    </select>


  <!-- 批量更新 -->
  <update id="updateSalesCouponStatusBatch" parameterType="java.util.List">
    <foreach close="" collection="list" index="index" item="item" open="" separator=";">
      UPDATE salescoupons
      <set>
        Status = #{item.status},UpdateTime=now(),UpdateBy=#{item.updateby}
        <if test="item.haspassed!=null and item.haspassed!=''">
          ,HasPassed=#{item.haspassed}
        </if>
      </set>
      where id = #{item.id}
    </foreach>
  </update>

    <!-- 批量更新是否发过券字段 -->
    <update id="updateSalesCouponBackSendBatch" parameterType="java.util.List">
        <foreach close="" collection="list" index="index" item="item" open="" separator=";">
            UPDATE salescoupons
            <set>
                BackSend = #{item.backsend},UpdateTime=now(),UpdateBy=#{item.updateby}
            </set>
            where id = #{item.id}
        </foreach>
    </update>
    <!-- epp商城的 审核过的 可领取的，在领取时间内，还有效的 券 -->
  <select id="getSalescouponsByCouponWay" parameterType="int" resultType="com.lenovo.m2.couponV2.dao.mybatis.model.Salescoupons">
    SELECT * FROM salescoupons WHERE ShopId=3 and CouponWay=#{couponWay} and Status=2 AND IsCanGet = 1 AND GetStartTime &lt;= now() AND GetEndTime &gt;= now() AND Totime &gt;= now() ORDER BY UpdateTime DESC LIMIT 1
  </select>
  <select id="getSalescouponsByShopIdAndCouponWay" parameterType="map" resultType="com.lenovo.m2.couponV2.dao.mybatis.model.Salescoupons">
    SELECT * FROM salescoupons WHERE ShopId=#{shopId} and CouponWay=#{couponWay} and Status=2 AND IsCanGet = 1 AND GetStartTime &lt;= now() AND GetEndTime &gt;= now() AND Totime &gt;= now() ORDER BY UpdateTime DESC LIMIT 1
  </select>

    <!-- 根据商城、终端和优惠券基本类型查询审核过的、可领取的、在可领取时间内的、有效券 -->
    <select id="getSalescouponsByUseScope" parameterType="map" resultMap="ResultMapWithBLOBs">
        SELECT
          *
        FROM
          salescoupons
        WHERE
        ShopId=#{shopid}
        <if test="terminal!=null and terminal!=''">
            and Terminal REGEXP #{terminal}
        </if>
        AND Status=2
        AND IsCanGet = 1
        AND UseScope=#{usescope}
        <if test="id!=null and id!=''">
          AND ID = #{id, jdbcType=BIGINT}
        </if>
        <if test="name != null and name!='' ">
          AND Name like CONCAT(CONCAT('%',#{name},'%'))
        </if>
        AND GetStartTime &lt;= now() AND GetEndTime &gt;= now() AND Totime &gt;= now() order by Amount desc
    </select>

    <update id="updateNoticeValidCount" parameterType="long">
        update salescoupons set Notice_valid_count = Notice_valid_count+1 where ID=#{id}
    </update>
    <update id="updateNoticeInvalidCount" parameterType="long">
        update salescoupons set Notice_invalid_count = Notice_invalid_count+1 where ID=#{id}
    </update>


  <!-- 根据Classification查询 -->
  <select id="getSalescouponsForClassification" parameterType="map" resultMap="ResultMapWithBLOBs" useCache="true">
    select
    <include refid="Base_Column_List" />
    ,
    <include refid="Blob_Column_List" />
    from salescoupons t
    WHERE  t.Classification = #{param2.Classification} and
    t.Style=1 and t.IsCanGet=1 and t.Status=2 and t.GetStartTime &lt; NOW() and t.GetEndTime &gt; NOW()
    order by UpdateTime desc
  </select>

  <!-- 根据主键ids查询 -->
  <select id="getSalescouponsBySalesCouponIds" parameterType="map" resultMap="ResultMapWithBLOBs" useCache="true">
    select
    <include refid="Base_Column_List" />
    ,
    <include refid="Blob_Column_List" />
    from salescoupons t
    WHERE
    t.Style=1 and t.IsCanGet=1 and t.Status=2 and t.GetStartTime &lt; NOW() and t.GetEndTime &gt; NOW()
    AND t.id IN
    <foreach close=")" collection="param2.salesCouponIds" item="listItem" open="(" separator=",">
      #{listItem}
    </foreach>
    order by UpdateTime desc
  </select>
  <!--一键领取优惠券调用-->
  <select id="getSalescouponsBySalesCouponIdsForOneKey" parameterType="map" resultMap="ResultMapWithBLOBs" useCache="true">
    select
    <include refid="Base_Column_List" />
    ,
    <include refid="Blob_Column_List" />
    from salescoupons t
    WHERE
    t.Style=1 and t.IsCanGet=1 and t.Status=2 and t.GetStartTime &lt; NOW() and t.GetEndTime &gt; NOW()
    AND t.id IN
    <foreach close=")" collection="salesCouponIds" item="listItem" open="(" separator=",">
      #{listItem}
    </foreach>
    order by UpdateTime desc
  </select>


  <select id="getSalesCouponsById" parameterType="map" resultType="com.lenovo.m2.couponV2.dao.mybatis.model.Salescoupons" useCache="true">
    SELECT
      <include refid="Base_Column_List" />
      ,
      <include refid="Blob_Column_List" />
    FROM
      salescoupons t
    WHERE
      t.id=#{id} and t.ShopId=#{shopId}
  </select>


  <!-- 查询优惠券已领取数量 -->
  <select id="getSalesCouponsMaxNumber" parameterType="java.lang.Long" resultType="java.lang.Integer">
    select
    MaxNumber
    from salescoupons
    where
     id=#{id}
  </select>

  <!-- 分页查询可领取的优惠券 -->
  <select flushCache="false" id="getAvailableSalescouponsInfoPage" parameterType="map" resultMap="ResultMapWithBLOBs" useCache="true">
    SELECT
    t.* ,a.DisplayPosition
    FROM salescoupons t, availablesalescoupons a
    <if test="param2 !=null">
      <where>
        <if test="true">
          and t.ID = a.SalesCouponsID
        </if>
        <if test="param2.style != null and param2.style!='' ">
          and t.Style = #{param2.style}
        </if>
        <if test="param2.name != null and param2.name!='' ">
          and t.Name like CONCAT(CONCAT('%',#{param2.name},'%'))
        </if>
        <if test="param2.usescope!=null and param2.usescope!=''">
          and t.UseScope = #{param2.usescope}
        </if>
        <if test="param2.shopid!=null and param2.shopid!=''">
          and t.ShopId = #{param2.shopid}
        </if>
        <if test="param2.shopids!=null and param2.shopids!=''">
          and t.ShopId IN
          <foreach close=")" collection="param2.shopids" item="listItem" open="(" separator=",">
            #{listItem}
          </foreach>
        </if>
        <if test="param2.terminal!=null and param2.terminal!=''">
          and t.Terminal REGEXP #{param2.terminal}
        </if>
        <if test="param2.getstarttime!=null and param2.getstarttime!=''">
          and DATE_FORMAT(t.GetStartTime,'%Y-%m-%d') &gt;= #{param2.getstarttime}
        </if>
        <if test="param2.getendtime!=null and param2.getendtime!=''">
          and DATE_FORMAT(t.GetEndTime,'%Y-%m-%d') &lt;= #{param2.getendtime}
        </if>
        <if test="param2.fromtime!=null and param2.fromtime!=''">
          and DATE_FORMAT(t.Fromtime,'%Y-%m-%d')  &gt;= #{param2.fromtime}
        </if>
        <if test="param2.totime!=null and param2.totime!=''">
          and DATE_FORMAT(t.Totime,'%Y-%m-%d') &lt;= #{param2.totime}
        </if>
         <if test="param2.displayPosition!=null and param2.displayPosition!=''">
          and a.DisplayPosition=#{param2.displayPosition}
        </if>
      </where>
    </if>
      order by a.CreateTime desc
  </select>

  <!-- 分页查询满足领取条件的优惠券 -->
  <select flushCache="false" id="getAllAvailableSalescouponsInfoPage" parameterType="map" resultMap="ResultMapWithBLOBs" useCache="true">
    SELECT
    <include refid="Base_Column_List" />
    ,
    <include refid="Blob_Column_List" />
    FROM salescoupons t
    WHERE
        t.Style = #{param2.style}
    and t.IsCanGet = #{param2.iscanget}
    and t.Status = #{param2.Status}
    and t.UseScope = 1
    and t.ShopId = #{param2.shopId}
    and t.GetStartTime &lt;= now()
    and t.GetEndTime &gt;= now()
    and t.Totime &gt; now()
    and t.ID not in (select SalesCouponsID from availablesalescoupons where DisplayPosition = #{param2.displayPosition})
    <if test="param2.name != null and param2.name!='' ">
      and t.Name like CONCAT(CONCAT('%',#{param2.name},'%'))
    </if>
    order by t.UpdateTime desc
  </select>
  <select id="getDistributeSalescouponsInfoPage" parameterType="map" resultMap="ResultMapWithBLOBs" useCache="true">
    SELECT
      t.*,a.DisplayPosition 
    FROM salescoupons t, availablesalescoupons a
    WHERE t.ID = a.SalesCouponsID
    and t.Style = 1
    and t.IsCanGet = 1
    and t.Status = 2
    and t.ShopId = #{param2.shopId}
    and t.GetStartTime &lt;= now()
    and t.GetEndTime &gt;= now()
    and t.Totime &gt;now()
     <if test="param2.displayPosition != null and param2.displayPosition !=''">
      and a.DisplayPosition=#{param2.displayPosition}
    </if>
  </select>

  <select id="getOnekeySalecoupons" parameterType="map" resultMap="ResultMapWithBLOBs">
  SELECT
  <include refid="Base_Column_List" />
  ,
  <include refid="Blob_Column_List" />
  FROM salescoupons t
  <if test="param2 !=null">
    <where>
    <if test="param2.name != null and param2.name!='' ">
      and t.Name like CONCAT(CONCAT('%',#{param2.name},'%'))
    </if>
    <if test="param2.fromTime != null and param2.fromTime!='' ">
      and t.GetStartTime &lt;= #{param2.fromTime}
    </if>
    <if test="param2.toTime != null and param2.toTime!='' ">
      and t.GetEndTime &gt;= #{param2.toTime}
    </if>

      AND  t.MaxNumber = 2147483647

      and t.IsCanGet = 1
      and t.ShopId = 1
      AND t.Status = 2
    </where>
    ORDER BY t.UpdateTime desc
  </if>
</select>
</mapper>