<?xml version="1.0" encoding="UTF-8"?>
<!DOCTYPE mapper PUBLIC "-//mybatis.org//DTD Mapper 3.0//EN" "http://mybatis.org/dtd/mybatis-3-mapper.dtd">
<mapper namespace="com.lenovo.m2.couponV2.dao.mybatis.mapper.UsergroupcouponrelMapper">
  <resultMap id="BaseResultMap" type="com.lenovo.m2.couponV2.dao.mybatis.model.Usergroupcouponrel">
    <!--
      WARNING - @mbggenerated
      This element is automatically generated by MyBatis Generator, do not modify.
    -->
    <id column="Id" jdbcType="BIGINT" property="id" />
    <result column="UserGroup" jdbcType="VARCHAR" property="usergroup" />
    <result column="SalescouponId" jdbcType="VARCHAR" property="salescouponid" />
    <result column="ShopId" jdbcType="VARCHAR" property="shopid" />
    <result column="Terminal" jdbcType="VARCHAR" property="terminal" />
    <result column="SendTime" jdbcType="TIMESTAMP" property="sendtime" />
    <result column="RegisterFromTime" jdbcType="TIMESTAMP" property="registerfromtime" />
    <result column="RegisterToTime" jdbcType="TIMESTAMP" property="registertotime" />
    <result column="CreateTime" jdbcType="TIMESTAMP" property="createtime" />
    <result column="CreateBy" jdbcType="VARCHAR" property="createby" />
  </resultMap>
  <sql id="Example_Where_Clause">
    <!--
      WARNING - @mbggenerated
      This element is automatically generated by MyBatis Generator, do not modify.
    -->
    <where>
      <foreach collection="oredCriteria" item="criteria" separator="or">
        <if test="criteria.valid">
          <trim prefix="(" prefixOverrides="and" suffix=")">
            <foreach collection="criteria.criteria" item="criterion">
              <choose>
                <when test="criterion.noValue">
                  and ${criterion.condition}
                </when>
                <when test="criterion.singleValue">
                  and ${criterion.condition} #{criterion.value}
                </when>
                <when test="criterion.betweenValue">
                  and ${criterion.condition} #{criterion.value} and #{criterion.secondValue}
                </when>
                <when test="criterion.listValue">
                  and ${criterion.condition}
                  <foreach close=")" collection="criterion.value" item="listItem" open="(" separator=",">
                    #{listItem}
                  </foreach>
                </when>
              </choose>
            </foreach>
          </trim>
        </if>
      </foreach>
    </where>
  </sql>
  <sql id="Update_By_Example_Where_Clause">
    <!--
      WARNING - @mbggenerated
      This element is automatically generated by MyBatis Generator, do not modify.
    -->
    <where>
      <foreach collection="example.oredCriteria" item="criteria" separator="or">
        <if test="criteria.valid">
          <trim prefix="(" prefixOverrides="and" suffix=")">
            <foreach collection="criteria.criteria" item="criterion">
              <choose>
                <when test="criterion.noValue">
                  and ${criterion.condition}
                </when>
                <when test="criterion.singleValue">
                  and ${criterion.condition} #{criterion.value}
                </when>
                <when test="criterion.betweenValue">
                  and ${criterion.condition} #{criterion.value} and #{criterion.secondValue}
                </when>
                <when test="criterion.listValue">
                  and ${criterion.condition}
                  <foreach close=")" collection="criterion.value" item="listItem" open="(" separator=",">
                    #{listItem}
                  </foreach>
                </when>
              </choose>
            </foreach>
          </trim>
        </if>
      </foreach>
    </where>
  </sql>
  <sql id="Base_Column_List">
    <!--
      WARNING - @mbggenerated
      This element is automatically generated by MyBatis Generator, do not modify.
    -->
    Id, UserGroup, SalescouponId, ShopId, Terminal, SendTime, RegisterFromTime, RegisterToTime, 
    CreateTime, CreateBy
  </sql>
  <select id="selectByExample" parameterType="com.lenovo.m2.couponV2.dao.mybatis.model.UsergroupcouponrelExample" resultMap="BaseResultMap">
    <!--
      WARNING - @mbggenerated
      This element is automatically generated by MyBatis Generator, do not modify.
    -->
    select
    <if test="distinct">
      distinct
    </if>
    <include refid="Base_Column_List" />
    from usergroupcouponrel
    <if test="_parameter != null">
      <include refid="Example_Where_Clause" />
    </if>
    <if test="orderByClause != null">
      order by ${orderByClause}
    </if>
  </select>
  <select id="selectByPrimaryKey" parameterType="java.lang.Long" resultMap="BaseResultMap">
    <!--
      WARNING - @mbggenerated
      This element is automatically generated by MyBatis Generator, do not modify.
    -->
    select 
    <include refid="Base_Column_List" />
    from usergroupcouponrel
    where Id = #{id,jdbcType=BIGINT}
  </select>
  <delete id="deleteByPrimaryKey" parameterType="java.lang.Long">
    <!--
      WARNING - @mbggenerated
      This element is automatically generated by MyBatis Generator, do not modify.
    -->
    delete from usergroupcouponrel
    where Id = #{id,jdbcType=BIGINT}
  </delete>
  <delete id="deleteByExample" parameterType="com.lenovo.m2.couponV2.dao.mybatis.model.UsergroupcouponrelExample">
    <!--
      WARNING - @mbggenerated
      This element is automatically generated by MyBatis Generator, do not modify.
    -->
    delete from usergroupcouponrel
    <if test="_parameter != null">
      <include refid="Example_Where_Clause" />
    </if>
  </delete>
  <insert id="insert" parameterType="com.lenovo.m2.couponV2.dao.mybatis.model.Usergroupcouponrel">
    <!--
      WARNING - @mbggenerated
      This element is automatically generated by MyBatis Generator, do not modify.
    -->
    insert into usergroupcouponrel (Id, UserGroup, SalescouponId, 
      ShopId, Terminal, SendTime, 
      RegisterFromTime, RegisterToTime, CreateTime, 
      CreateBy)
    values (#{id,jdbcType=BIGINT}, #{usergroup,jdbcType=VARCHAR}, #{salescouponid,jdbcType=VARCHAR}, 
      #{shopid,jdbcType=VARCHAR}, #{terminal,jdbcType=VARCHAR}, #{sendtime,jdbcType=TIMESTAMP}, 
      #{registerfromtime,jdbcType=TIMESTAMP}, #{registertotime,jdbcType=TIMESTAMP}, #{createtime,jdbcType=TIMESTAMP}, 
      #{createby,jdbcType=VARCHAR})
  </insert>
  <insert id="insertSelective" parameterType="com.lenovo.m2.couponV2.dao.mybatis.model.Usergroupcouponrel">
    <!--
      WARNING - @mbggenerated
      This element is automatically generated by MyBatis Generator, do not modify.
    -->
    insert into usergroupcouponrel
    <trim prefix="(" suffix=")" suffixOverrides=",">
      <if test="id != null">
        Id,
      </if>
      <if test="usergroup != null">
        UserGroup,
      </if>
      <if test="salescouponid != null">
        SalescouponId,
      </if>
      <if test="shopid != null">
        ShopId,
      </if>
      <if test="terminal != null">
        Terminal,
      </if>
      <if test="sendtime != null">
        SendTime,
      </if>
      <if test="registerfromtime != null">
        RegisterFromTime,
      </if>
      <if test="registertotime != null">
        RegisterToTime,
      </if>
      <if test="createtime != null">
        CreateTime,
      </if>
      <if test="createby != null">
        CreateBy,
      </if>
    </trim>
    <trim prefix="values (" suffix=")" suffixOverrides=",">
      <if test="id != null">
        #{id,jdbcType=BIGINT},
      </if>
      <if test="usergroup != null">
        #{usergroup,jdbcType=VARCHAR},
      </if>
      <if test="salescouponid != null">
        #{salescouponid,jdbcType=VARCHAR},
      </if>
      <if test="shopid != null">
        #{shopid,jdbcType=VARCHAR},
      </if>
      <if test="terminal != null">
        #{terminal,jdbcType=VARCHAR},
      </if>
      <if test="sendtime != null">
        #{sendtime,jdbcType=TIMESTAMP},
      </if>
      <if test="registerfromtime != null">
        #{registerfromtime,jdbcType=TIMESTAMP},
      </if>
      <if test="registertotime != null">
        #{registertotime,jdbcType=TIMESTAMP},
      </if>
      <if test="createtime != null">
        #{createtime,jdbcType=TIMESTAMP},
      </if>
      <if test="createby != null">
        #{createby,jdbcType=VARCHAR},
      </if>
    </trim>
  </insert>
  <select id="countByExample" parameterType="com.lenovo.m2.couponV2.dao.mybatis.model.UsergroupcouponrelExample" resultType="java.lang.Integer">
    <!--
      WARNING - @mbggenerated
      This element is automatically generated by MyBatis Generator, do not modify.
    -->
    select count(*) from usergroupcouponrel
    <if test="_parameter != null">
      <include refid="Example_Where_Clause" />
    </if>
  </select>
  <update id="updateByExampleSelective" parameterType="map">
    <!--
      WARNING - @mbggenerated
      This element is automatically generated by MyBatis Generator, do not modify.
    -->
    update usergroupcouponrel
    <set>
      <if test="record.id != null">
        Id = #{record.id,jdbcType=BIGINT},
      </if>
      <if test="record.usergroup != null">
        UserGroup = #{record.usergroup,jdbcType=VARCHAR},
      </if>
      <if test="record.salescouponid != null">
        SalescouponId = #{record.salescouponid,jdbcType=VARCHAR},
      </if>
      <if test="record.shopid != null">
        ShopId = #{record.shopid,jdbcType=VARCHAR},
      </if>
      <if test="record.terminal != null">
        Terminal = #{record.terminal,jdbcType=VARCHAR},
      </if>
      <if test="record.sendtime != null">
        SendTime = #{record.sendtime,jdbcType=TIMESTAMP},
      </if>
      <if test="record.registerfromtime != null">
        RegisterFromTime = #{record.registerfromtime,jdbcType=TIMESTAMP},
      </if>
      <if test="record.registertotime != null">
        RegisterToTime = #{record.registertotime,jdbcType=TIMESTAMP},
      </if>
      <if test="record.createtime != null">
        CreateTime = #{record.createtime,jdbcType=TIMESTAMP},
      </if>
      <if test="record.createby != null">
        CreateBy = #{record.createby,jdbcType=VARCHAR},
      </if>
    </set>
    <if test="_parameter != null">
      <include refid="Update_By_Example_Where_Clause" />
    </if>
  </update>
  <update id="updateByExample" parameterType="map">
    <!--
      WARNING - @mbggenerated
      This element is automatically generated by MyBatis Generator, do not modify.
    -->
    update usergroupcouponrel
    set Id = #{record.id,jdbcType=BIGINT},
      UserGroup = #{record.usergroup,jdbcType=VARCHAR},
      SalescouponId = #{record.salescouponid,jdbcType=VARCHAR},
      ShopId = #{record.shopid,jdbcType=VARCHAR},
      Terminal = #{record.terminal,jdbcType=VARCHAR},
      SendTime = #{record.sendtime,jdbcType=TIMESTAMP},
      RegisterFromTime = #{record.registerfromtime,jdbcType=TIMESTAMP},
      RegisterToTime = #{record.registertotime,jdbcType=TIMESTAMP},
      CreateTime = #{record.createtime,jdbcType=TIMESTAMP},
      CreateBy = #{record.createby,jdbcType=VARCHAR}
    <if test="_parameter != null">
      <include refid="Update_By_Example_Where_Clause" />
    </if>
  </update>
  <update id="updateByPrimaryKeySelective" parameterType="com.lenovo.m2.couponV2.dao.mybatis.model.Usergroupcouponrel">
    <!--
      WARNING - @mbggenerated
      This element is automatically generated by MyBatis Generator, do not modify.
    -->
    update usergroupcouponrel
    <set>
      <if test="usergroup != null">
        UserGroup = #{usergroup,jdbcType=VARCHAR},
      </if>
      <if test="salescouponid != null">
        SalescouponId = #{salescouponid,jdbcType=VARCHAR},
      </if>
      <if test="shopid != null">
        ShopId = #{shopid,jdbcType=VARCHAR},
      </if>
      <if test="terminal != null">
        Terminal = #{terminal,jdbcType=VARCHAR},
      </if>
      <if test="sendtime != null">
        SendTime = #{sendtime,jdbcType=TIMESTAMP},
      </if>
      <if test="registerfromtime != null">
        RegisterFromTime = #{registerfromtime,jdbcType=TIMESTAMP},
      </if>
      <if test="registertotime != null">
        RegisterToTime = #{registertotime,jdbcType=TIMESTAMP},
      </if>
      <if test="createtime != null">
        CreateTime = #{createtime,jdbcType=TIMESTAMP},
      </if>
      <if test="createby != null">
        CreateBy = #{createby,jdbcType=VARCHAR},
      </if>
    </set>
    where Id = #{id,jdbcType=BIGINT}
  </update>
  <update id="updateByPrimaryKey" parameterType="com.lenovo.m2.couponV2.dao.mybatis.model.Usergroupcouponrel">
    <!--
      WARNING - @mbggenerated
      This element is automatically generated by MyBatis Generator, do not modify.
    -->
    update usergroupcouponrel
    set UserGroup = #{usergroup,jdbcType=VARCHAR},
      SalescouponId = #{salescouponid,jdbcType=VARCHAR},
      ShopId = #{shopid,jdbcType=VARCHAR},
      Terminal = #{terminal,jdbcType=VARCHAR},
      SendTime = #{sendtime,jdbcType=TIMESTAMP},
      RegisterFromTime = #{registerfromtime,jdbcType=TIMESTAMP},
      RegisterToTime = #{registertotime,jdbcType=TIMESTAMP},
      CreateTime = #{createtime,jdbcType=TIMESTAMP},
      CreateBy = #{createby,jdbcType=VARCHAR}
    where Id = #{id,jdbcType=BIGINT}
  </update>


    <insert id="insertBatch" parameterType="java.util.List">
        insert into usergroupcouponrel (Id, UserGroup, SalescouponId,
        ShopId, Terminal, SendTime,
        RegisterFromTime, RegisterToTime, CreateTime,
        CreateBy)
        values
        <foreach collection="list" index="index" item="item" separator=",">
            (#{item.id}, #{item.usergroup}, #{item.salescouponid},
            #{item.shopid}, #{item.terminal},#{item.sendtime},#{item.registerfromtime},#{item.registertotime}, #{item.createtime},
            #{item.createby})
        </foreach>
    </insert>
</mapper>