<?xml version="1.0" encoding="UTF-8"?>
<beans xmlns="http://www.springframework.org/schema/beans"
       xmlns:xsi="http://www.w3.org/2001/XMLSchema-instance"
       xmlns:context="http://www.springframework.org/schema/context"
       xmlns:tx="http://www.springframework.org/schema/tx"
       xmlns:mongo="http://www.springframework.org/schema/data/mongo"
       xmlns:aop="http://www.springframework.org/schema/aop" xmlns:mybatis="http://mybatis.org/schema/mybatis-spring"
       xsi:schemaLocation="http://www.springframework.org/schema/beans
    		http://www.springframework.org/schema/beans/spring-beans.xsd
    		http://www.springframework.org/schema/tx
    		http://www.springframework.org/schema/tx/spring-tx.xsd
    		http://www.springframework.org/schema/aop
    		http://www.springframework.org/schema/aop/spring-aop.xsd
       		http://www.springframework.org/schema/context
     		http://www.springframework.org/schema/context/spring-context.xsd 
     		http://www.springframework.org/schema/data/mongo 
     		http://www.springframework.org/schema/data/mongo/spring-mongo.xsd 
     		http://mybatis.org/schema/mybatis-spring 
     		http://mybatis.org/schema/mybatis-spring.xsd"  default-lazy-init="true" default-autowire="byName">


    <context:component-scan base-package="com.lenovo.m2.couponV2.dao.*"/>

    <bean id="mydataSource" class="com.alibaba.druid.pool.DruidDataSource" destroy-method="close">
        <property name="initialSize" value="32"/>
        <property name="maxActive" value="500"/>
        <property name="maxIdle" value="10"/>
        <property name="maxWait" value="120000"/>
        <property name="testOnBorrow" value="true"/>
        <property name="validationQuery" value="SELECT COUNT(*) FROM DUAL"/>
        <property name="url" value="${coupon.jdbc.url}"/>
        <property name="username" value="${coupon.username}"/>
        <property name="password" value="${coupon.password}"/>
        <property name="driverClassName" value="com.mysql.jdbc.Driver"/>
    </bean>
    <!-- 配置Slave数据库，导报表使用 -->
    <bean id="mySlaveDataSource" class="com.alibaba.druid.pool.DruidDataSource" destroy-method="close">
        <property name="initialSize" value="32"/>
        <property name="maxActive" value="500"/>
        <property name="maxIdle" value="10"/>
        <property name="maxWait" value="120000"/>
        <property name="testOnBorrow" value="true"/>
        <property name="validationQuery" value="SELECT COUNT(*) FROM DUAL"/>
        <property name="url" value="${coupon.slave.jdbc.url}"/>
        <property name="username" value="${coupon.username}"/>
        <property name="password" value="${coupon.password}"/>
        <property name="driverClassName" value="com.mysql.jdbc.Driver"/>
    </bean>
    <bean id="membercouponrelsMapper"   class="org.mybatis.spring.mapper.MapperFactoryBean">
        <property name="mapperInterface" value="com.lenovo.m2.couponV2.dao.mybatis.mapper.MembercouponrelsMapper"></property>
        <property name="sqlSessionFactory" ref="sqlSessionFactory"></property>
    </bean>
    <bean id="sqlSessionFactory" class="org.mybatis.spring.SqlSessionFactoryBean">
        <property name="dataSource" ref="mydataSource"/>
        <property name="configLocation" value="classpath:mybatis-coupon-config.xml"/>
        <property name="mapperLocations">
            <list>
                <value>classpath:myBatisConfig/*.xml</value>
            </list>
        </property>
    </bean>
    <bean id="slaveSqlSessionFactory" class="org.mybatis.spring.SqlSessionFactoryBean">
        <property name="dataSource" ref="mySlaveDataSource"/>
        <property name="configLocation" value="classpath:mybatis-coupon-config.xml"/>
        <property name="mapperLocations">
            <list>
                <value>classpath:slaveBatisConfig/*.xml</value>
            </list>
        </property>
    </bean>

    <context:annotation-config/>
    <mybatis:scan base-package="com.lenovo.m2.couponV2.dao.mybatis.mapper" factory-ref="sqlSessionFactory"/>
    <mybatis:scan base-package="com.lenovo.m2.couponV2.dao.mybatis.reportmapper" factory-ref="slaveSqlSessionFactory"/>

</beans>
