<?xml version="1.0" encoding="UTF-8"?>
<!DOCTYPE generatorConfiguration
        PUBLIC "-//mybatis.org//DTD MyBatis Generator Configuration 1.0//EN"
        "http://mybatis.org/dtd/mybatis-generator-config_1_0.dtd" >

<generatorConfiguration>

    <classPathEntry location="E:\software\repository\mysql\mysql-connector-java\5.1.18\mysql-connector-java-5.1.18.jar" />

    <context id="Mysql2Tables" targetRuntime="MyBatis3">

        <property name="beginningDelimiter" value="`"/>
        <property name="endingDelimiter" value="`"/>

        <commentGenerator>
            <property name="suppressAllComments" value="true"/>
            <property name="suppressDate" value="true" />
        </commentGenerator>

        <jdbcConnection driverClass="com.mysql.jdbc.Driver"
                        connectionURL="jdbc:mysql://10.120.26.115:3306/coupons?useUnicode=true&amp;characterEncoding=UTF-8&amp;zeroDateTimeBehavior=convertToNull"
                        userId="sys_temp"
                        password="lenovo2015">
        </jdbcConnection>

        <javaTypeResolver >
            <property name="forceBigDecimals" value="false" />
        </javaTypeResolver>

        <javaModelGenerator targetPackage="com.lenovo.m2.couponV2.dao.mybatis.model" targetProject="src/main/java">
            <property name="enableSubPackages" value="true" />
        </javaModelGenerator>
        <sqlMapGenerator targetPackage="myBatisConfig" targetProject="src/main/resources">
            <property name="enableSubPackages" value="true" />
        </sqlMapGenerator>
        <javaClientGenerator type="XMLMAPPER" targetPackage="com.lenovo.m2.couponV2.dao.mybatis.mapper" targetProject="src/main/java">
            <property name="enableSubPckages" value="true" />
        </javaClientGenerator>
    </context>

</generatorConfiguration>