<?xml version="1.0" encoding="UTF-8" ?>
<!DOCTYPE configuration PUBLIC
        "-//mybatis.org//DTD Config 3.0//EN"
        "http://mybatis.org/dtd/mybatis-3-config.dtd">
<configuration>
    <typeHandlers>
        <typeHandler handler="com.lenovo.m2.arch.framework.dao.mybatis.handler.MoneyTypeHandler"/>
    </typeHandlers>
    <plugins>
        <plugin interceptor="com.lenovo.m2.arch.framework.dao.mybatis.interceptor.PaginationInterceptor">
            <property name="dialect" value="mysql"/>
        </plugin>
    </plugins>

</configuration>


