<?xml version="1.0" encoding="UTF-8" ?>
<!DOCTYPE configuration PUBLIC
        "-//mybatis.org//DTD Config 3.0//EN"
        "http://mybatis.org/dtd/mybatis-3-config.dtd">
<configuration>
    <typeAliases>
        <!--<typeAlias alias="user" type="User"/>-->
        <package name="com.lenovo.m2.buy.order.number.domain"/>
    </typeAliases>

    <typeHandlers>
        <typeHandler handler="com.lenovo.m2.arch.framework.dao.mybatis.handler.MoneyTypeHandler"/>
    </typeHandlers>

    <mappers>

        <mapper resource="myBatisConfig/MembercouponrelsMapper.xml"/>
    </mappers>

</configuration>


