<?xml version="1.0" encoding="UTF-8"?>
<beans xmlns="http://www.springframework.org/schema/beans"
       xmlns:xsi="http://www.w3.org/2001/XMLSchema-instance"
       xmlns:dubbo="http://code.alibabatech.com/schema/dubbo"
       xsi:schemaLocation="http://www.springframework.org/schema/beans
        http://www.springframework.org/schema/beans/spring-beans.xsd
        http://code.alibabatech.com/schema/dubbo
        http://code.alibabatech.com/schema/dubbo/dubbo.xsd
        ">

    <dubbo:application name="couponV2-soa"/>
    <!--<dubbo:registry protocol="zookeeper" address="c01.zk.dtc.uat:2181,c02.zk.dtc.uat:2181,c03.zk.dtc.uat:2181" group="/dubbo/couponV2/pro"/>-->
    <dubbo:registry protocol="zookeeper" address="c1.zk.dtc.uat:2181" group="/dubbo/couponV2/pro"/>
    <dubbo:protocol  port="-1" />

    <dubbo:reference id="rpcMemberCounponrelsService" interface="com.lenovo.m2.couponV2.api.dubboService.RpcMemberCounponrelsService" cache="false" timeout="500000" check="false" retries="0"/>
    <dubbo:reference id="rpcSalescouponsService" interface="com.lenovo.m2.couponV2.api.dubboService.RpcSalescouponsService" cache="false" timeout="500000" check="false" retries="0"/>
    <dubbo:reference id="rpcC2cMemberService" interface="com.lenovo.m2.couponV2.api.dubboService.RpcC2cMemberService" cache="false" timeout="500000" check="false" retries="0"/>
    <dubbo:reference id="rpcKcodeService" interface="com.lenovo.m2.couponV2.api.dubboService.RpcKcodeService" cache="false" timeout="500000" check="false" retries="0"/>
    <dubbo:reference id="salescouponService" interface="com.lenovo.m2.couponV2.api.service.SalescouponsService" cache="false" timeout="500000" check="false" retries="0"/>

</beans>