<?xml version="1.0" encoding="UTF-8"?>
<beans xmlns="http://www.springframework.org/schema/beans" xmlns:xsi="http://www.w3.org/2001/XMLSchema-instance"
       xmlns:context="http://www.springframework.org/schema/context"
       xmlns:mongo="http://www.springframework.org/schema/data/mongo"
       xmlns:aop="http://www.springframework.org/schema/aop"
       xsi:schemaLocation="http://www.springframework.org/schema/beans 
       http://www.springframework.org/schema/beans/spring-beans.xsd
       	http://www.springframework.org/schema/aop 
       	http://www.springframework.org/schema/aop/spring-aop-3.2.xsd
       	http://www.springframework.org/schema/data/mongo 
       	http://www.springframework.org/schema/data/mongo/spring-mongo.xsd 
       	http://www.springframework.org/schema/context 
       	http://www.springframework.org/schema/context/spring-context.xsd"
       default-lazy-init="true">


    <context:property-placeholder location="classpath:coupon-datasource.properties" ignore-unresolvable="true" />
    <context:property-placeholder location="classpath:coupon-dubbo.properties" ignore-unresolvable="true" />
    <context:property-placeholder location="classpath:KafkaEnv.properties" ignore-unresolvable="true" />

    <bean id="propertyConfigurer" class="com.lenovo.m2.couponV2.common.CustomizedPropertyConfigurer">
        <property name="locations">
            <list>
                <value>classpath:coupon-datasource.properties</value>
                <value>classpath:coupon-dubbo.properties</value>
            </list>
        </property>
    </bean>

</beans>
