<?xml version="1.0" encoding="UTF-8"?>
<beans xmlns="http://www.springframework.org/schema/beans"
       xmlns:xsi="http://www.w3.org/2001/XMLSchema-instance"
       xmlns:dubbo="http://code.alibabatech.com/schema/dubbo"
       xsi:schemaLocation="
        http://www.springframework.org/schema/beans
        http://www.springframework.org/schema/beans/spring-beans.xsd
        http://code.alibabatech.com/schema/dubbo
        http://code.alibabatech.com/schema/dubbo/dubbo.xsd ">

    <!--dubbo 配置-->
    <dubbo:application name="${dubbo.application.name}" logger="slf4j"/>
    <dubbo:registry address="${dubbo.registry.address}" protocol="${dubbo.registry.protocol}" group="${dubbo.registry.group}"  />

    <dubbo:protocol  port="-1"  threadpool="fixed" threads="600"/>

    <dubbo:service filter="LogbackDubboFillter" interface="com.lenovo.m2.couponV2.api.service.CouponsCategoryService" ref="couponsCategoryService"  timeout="60000" />
    <dubbo:service filter="LogbackDubboFillter" interface="com.lenovo.m2.couponV2.api.service.MemberExcelTempService" ref="memberExcelTempService"  timeout="60000" />
    <dubbo:service filter="LogbackDubboFillter" interface="com.lenovo.m2.couponV2.api.service.SalescouponsService" ref="salescouponsService"  timeout="60000" />
    <dubbo:service filter="LogbackDubboFillter" interface="com.lenovo.m2.couponV2.api.service.MemberCounponrelsService" ref="memberCounponrelsService"  timeout="60000" />
    <dubbo:service filter="LogbackDubboFillter" interface="com.lenovo.m2.couponV2.api.service.UsergroupcouponrelService" ref="usergroupcouponrelService"  timeout="60000" />
    <dubbo:service filter="LogbackDubboFillter" interface="com.lenovo.m2.couponV2.api.service.CouponchecksService" ref="couponchecksService"  timeout="60000" />
    <dubbo:service filter="LogbackDubboFillter" interface="com.lenovo.m2.couponV2.api.service.AvailableSalescouponsService" ref="availableSalescouponsService"  timeout="60000" />
    <dubbo:service filter="LogbackDubboFillter" interface="com.lenovo.m2.couponV2.api.service.CouponReportService" ref="couponReportService"  timeout="60000" />
    <dubbo:service filter="LogbackDubboFillter" interface="com.lenovo.m2.couponV2.api.service.CouponsService" ref="couponsService"  timeout="60000" />

    <!-- 对外部项目提供的服务 start -->
    <dubbo:service filter="LogbackDubboFillter" interface="com.lenovo.m2.couponV2.api.dubboService.RpcSalescouponsService" ref="rpcSalescouponsService"  timeout="60000" />
    <dubbo:service filter="LogbackDubboFillter" interface="com.lenovo.m2.couponV2.api.dubboService.RpcMemberCounponrelsService" ref="rpcMemberCounponrelsService"  timeout="60000" />
    <dubbo:service filter="LogbackDubboFillter" interface="com.lenovo.m2.couponV2.api.service.OneKeyToReceiveService"  ref="oneKeyToReceiveService"  timeout="60000" version="2.0.0"/>
    <!-- 对外部项目提供的服务 end -->

</beans>
