<?xml version="1.0" encoding="UTF-8"?>
<beans xmlns="http://www.springframework.org/schema/beans" xmlns:xsi="http://www.w3.org/2001/XMLSchema-instance"
       xmlns:aop="http://www.springframework.org/schema/aop"
       xmlns:context="http://www.springframework.org/schema/context"
       xmlns:tx="http://www.springframework.org/schema/tx"
       xsi:schemaLocation="http://www.springframework.org/schema/beans http://www.springframework.org/schema/beans/spring-beans-2.5.xsd
            http://www.springframework.org/schema/aop http://www.springframework.org/schema/aop/spring-aop-2.5.xsd
            http://www.springframework.org/schema/context http://www.springframework.org/schema/context/spring-context-2.5.xsd
            http://www.springframework.org/schema/tx http://www.springframework.org/schema/tx/spring-tx-2.5.xsd"
       default-lazy-init="true">

   <aop:config>  
        <aop:advisor id="methodTimeLog" advice-ref="methodTimeAdvice" pointcut="execution(* com.lenovo.m2.couponV2.api..*.*(..))"/>  
    </aop:config>  
    <bean id="methodTimeAdvice" class="com.lenovo.m2.couponV2.common.aop.MethodTimeAdvice"/>  
    
  
    <!-- Adding the Intercepter - ThrowsAdvice to handle exceptions on system -->
	<bean id="exceptionHandlerAdvice" class="com.lenovo.m2.couponV2.common.aop.ExceptionHandlerAdvice" >
	</bean>

	<!-- Applying the advice to the objects in the system -->
	<bean id="systemExceptionHandlerBeanFactoryProxyCreator"
          class="org.springframework.aop.framework.autoproxy.BeanNameAutoProxyCreator" >
		<property name="beanNames"> 
			<list>
				<value>*Service</value>
				<value>*Manager</value>
				<value>*Util</value>
				<value>*Component</value>
				<value>*Impl</value>
				<value>*Dao</value>
			</list>
		</property>
		<property name="interceptorNames">
			<list>
				<value>exceptionHandlerAdvice</value>
			</list>
		</property>
	</bean>
</beans>
