<?xml version="1.0" encoding="UTF-8"?>
<Configuration status="INFO" monitorInterval="300">
	
	<properties>
		<property name="LOG_HOME">/data/logs/dubbo</property>
		<property name="ERROR_LOG_FILE_NAME">coupon-soa</property>
	</properties>
	
	<Appenders>
		<Console name="console" target="SYSTEM_OUT">       
      		<PatternLayout pattern="[%d{yyyy-MM-dd HH:mm:ss.SSS} %-5p] projectName : coupon-soa %X{hunterid} [%t] (%c:%L) - %m%n"/>
    	</Console>
		<File name="error" fileName="${LOG_HOME}/coupon-soa-error.log" append="true">
			<Filters>
				<ThresholdFilter level="fatal" onMatch="DENY" onMismatch="NEUTRAL"/>
				<ThresholdFilter level="error" onMatch="ACCEPT" onMismatch="DENY"/>
			</Filters>
			<PatternLayout
					pattern="[%d{yyyy-MM-dd HH:mm:ss.SSS} %-5p] projectName : coupon-soa %X{hunterid} [%t] (%c:%L) - %m%n"/>
		</File>
		<!-- Async Loggers will auto-flush in batches, so switch off immediateFlush. -->
		<RollingRandomAccessFile name="file"
								 fileName="${LOG_HOME}/${ERROR_LOG_FILE_NAME}.log"
								 filePattern="${LOG_HOME}/${ERROR_LOG_FILE_NAME}.%d{yyyy-MM-dd-HH}-%i.log.bak"
								 immediateFlush="false" append="true">
			<PatternLayout
					pattern="[%d{yyyy-MM-dd HH:mm:ss.SSS} %-5p] projectName : couponv2-soa %X{hunterid} [%t] (%c:%L) - %m%n"/>
			<Policies>
				<TimeBasedTriggeringPolicy modulate="true" interval="24"/>
				<SizeBasedTriggeringPolicy size="2 GB"/>
			</Policies>
			<DefaultRolloverStrategy max="30"/>
		</RollingRandomAccessFile>
	
	</Appenders>
	
	<Loggers>
	 <!-- 配置日志的根节点 -->
         <asyncRoot level="info"  includeLocation="false">  
        	<AppenderRef ref="file" />
            <AppenderRef ref="error" />
    	</asyncRoot> 
    	<!-- 第三方日志 -->
    	 <logger name="org.springframework" level="info" /> 
    	 <logger name="org.mybatis.spring.SqlSessionUtils" level="info" />  
 		<!--  <logger name="mongologger" level="info" includeLocation="false">  
            <appender-ref ref="mongoAppender"/>  
        </logger> -->
	</Loggers>
</Configuration>
